,attraction_id,category,name,description,address,areacode,image,iamge2,mapx,mapy,score,readcount
0,127956,5,가조 백두산천지온천,"가조 백두산천지온천은 위에서 내려다 볼 때 가조 일대가 백두산 천지의 모습을 그대로 재현하고 있어 백두산의 신비로움을 간직한 온천이다. 우두산, 비계산, 미녀봉 중간에 위치한 가조온천은 물 좋기로 소문난 전국 제일의 강알카리성((ph 9.7) 온천으로 피로회복, 신경통, 류머티즘, 알레르기성 피부염, 만성습진 등에 탁월한 효과를 경험할 수 있으며, 관내에는 등산코스로 이름난 의상봉, 금원산자연휴양림, 위천수승대, 월성계곡 등 천혜의 자연경관이 있다.",경상남도 거창군 가조면 온천길 161,36,http://tong.visitkorea.or.kr/cms/resource/50/2042650_image2_1.jpg,http://tong.visitkorea.or.kr/cms/resource/50/2042650_image3_1.jpg,128.0229317531,35.6985345364,0.0,35274
1,2766542,5,갓바위워터피아온천,"갓바위워터피아는 경북 경산시 와촌면 음양리에 있다.<br>팔공산 지하 1,200m에서 발원한 섭씨 33.5도의 약알칼리성 온천수로 심신의 피로와 스트레스를 한 번에 풀어주는 온천탕과 함께 찜질방, 워터파크 등의 시설이 마련되어 있는 휴양공간이다.",경상북도 경산시 와촌면 팔공로 237-14,35,http://tong.visitkorea.or.kr/cms/resource/63/2766863_image2_1.jpg,http://tong.visitkorea.or.kr/cms/resource/63/2766863_image2_1.jpg,128.7691781212,35.9622433137,0.0,0
2,1624227,5,강동 해수온천,"강동 해수온천은 국내 최초의 현대화된 최첨단 시설로 울산 유일의 청정해역, 정자 앞바다 자연 바닷물을 그대로 침전 시켜 100'C 이상 끓여 공급하기 때문에 염도가 높고 살균효과가 뛰어나다. 해수탕에 들어가기 전 반드시 먼저 샤워를 하고 청맥반석, 한방안개(사우나)탕이나 핀란드식 건식사우나에서 충분히 몸을 따뜻하게 한 다음 해수탕에 들어가야한다. 해수탕에서는 약 5 - 15분 정도 몸을 완전히 담그고 2회 정도 반복하면 체내의 노폐물이 완전히 제거된다. 국내 최초의 요오드 온천이다.",울산광역시 북구 동해안로 1418,7,http://tong.visitkorea.or.kr/cms/resource/68/1588168_image2_1.jpg,http://tong.visitkorea.or.kr/cms/resource/68/1588168_image3_1.jpg,129.4505699154,35.6138565417,0.0,24835
3,127966,5,거제도해수보양온천,"한려해상국립공원을 끼고 풍부한 관광자원을 갖춘 천혜의 절경 거제도에 위치하고 있는 '거제도해수보양온천'은 지하 800m 깊이의 암반천에서 용솟음치는 염천수(암반해수)로 국가공인기관인 한국지질자원연구원으로부터 수질을 검증받은 양질의 온천수이다. 거제도해수보양온천은 약알칼리성 약염천으로 신경통, 동백경화, 아토피성 피부염, 피부미용, 류마티스관절염, 만성위장염, 요통, 빈혈에 특효가 있다.<br>",경상남도 거제시 수양로 507,36,http://tong.visitkorea.or.kr/cms/resource/01/2643801_image2_1.bmp,http://tong.visitkorea.or.kr/cms/resource/01/2643801_image2_1.bmp,128.6352635905,34.8909030888,0.0,32843
4,127850,5,금강온천,"금강온천은 지하 1300m 암반수에서 용출하는 양질의 온천수로 약칼리성 단순천이며 수질은 무색, 무미, 무취의 성질을 지니고 있다. 게르마늄 성분이 함유되어 피부노화 방지, 만성 신경계통 류마티스 관절염, 당뇨병, 부인병 및 성인병 예방과 치료에 효과가 있다고 알려져 있다. 강온천은 대형 온천 시설과 숙박 시설이 함께 있어 공주를 관광하는 가족 단위의 손님이 많이 있다.<br>",충청남도 공주시 고마나루길 51-12,34,http://tong.visitkorea.or.kr/cms/resource/65/757565_image2_1.jpg,http://tong.visitkorea.or.kr/cms/resource/65/757565_image3_1.jpg,127.107523183,36.4627950745,0.0,39280
5,1921423,5,김해 롯데워터파크,"<b>※ 코로나19 확산으로 인한 개장 연기
※ 내용 : 임시휴관 (20.05.30 ~ 미정)</b>

테마파크 25년 노하우의 롯데월드가 운영하는 국내 최대급의 워터파크로써 남태평양 폴리네시아를 배경으로 한 테마에서 아찔한 즐거움과 색다른 휴식을 느낄 수 있다.",경상남도 김해시 장유로 555,36,http://tong.visitkorea.or.kr/cms/resource/10/1921410_image2_1.jpg,http://tong.visitkorea.or.kr/cms/resource/10/1921410_image2_1.jpg,128.829136134,35.1810435696,0.0,468946
6,127973,5,낙안온천,"낙안온천은 순천시 금전산 중턱에 위치하고 있으며, 지하 830m에서 분출되는 알카리성 100% 청정 온천수를 사용하여 고객 여러분의 피로와 스트레스를 말끔히 씻어준다. 고객 여러분께 최고의 서비스를 제공하고자 한다.",전라남도 순천시 낙안면 조정래길 933,38,http://tong.visitkorea.or.kr/cms/resource/10/1607810_image2_1.jpg,http://tong.visitkorea.or.kr/cms/resource/10/1607810_image3_1.jpg,127.3379874119,34.9194743091,0.0,31573
7,127949,5,능암온천랜드,"* 약수물을 마시며 온천도 즐기자, 능암온천랜드 *<br /><br />능암온천은 약수물을 마시면서 온천욕을 즐길 수 있다는 것이 특징이다. 처음에는 약간 차갑다는 느낌이 있으나 약 2분이 지나면 온몸에 탄산방울(유리탄산)이 달라붙어 피부의 약한 부분(낭심)이 따갑게 되면서 모세혈관을 자극, 확장시키는 반응이 시작된다. 또한, 사우나의 실내온도는 항상 적정 온도를 유지하고 있지만 탄산약수물에서 나오자마자 들어오면 덜 뜨겁게 느껴지는데, 이것은 탄산천의 특징이라 할 수 있다.특히, 탄산천의 입욕은 (적정시간 약 50분 정도) 혈액순환을 왕성하게 하여주기 때문에 동맥경화, 고혈압, 당뇨병, 각종 성인병 및 부인병 등에 탁월한 효능이 있으며, 당뇨의 혈당치가 아주 현저하게 떨어지기 때문에 탄산약수를 마시며 지속적인 입욕을 하면 건강하고 활력 있는 생활을 할 수 있을 뿐만 아니라, 신장병, 위장병, 빈혈, 불면증, 비만, 변비 등에도 뛰어난 효과를 볼 수 있다.<br /><br />* 능안온천랜드 즐기기 *<br /><br />능암온천랜드에는 온천 외에도 능암온천한증막과 유앤스파탄산온천 등의 황토한증막이 있어 한증막을 즐기려는 관광객에게 좋으며, 능암관광호텔과 호텔유앤스파가 있어 숙박도 함께 할 수 있다는 것이 장점이다. 그 외에도 다양한 체험 시설과 스내그골프, 레포츠를 즐길 수 있는 시설이 구비되어 있어 단체 행사나 OT, MT 등의 장소로도 적합하다.<br>",충청북도 충주시 새바지길 37 능암온천랜드,33,http://tong.visitkorea.or.kr/cms/resource/61/2603261_image2_1.jpg,http://tong.visitkorea.or.kr/cms/resource/61/2603261_image3_1.jpg,127.8023543105,37.0935239517,0.0,26266
8,126114,5,덕구온천스파월드,"덕구온천 리조트 호텔은 행정자치부가 인정한 ""경상북도 1호, 국민보양온천""이며, 태백산맥 동쪽, 경북 울진군 북면 덕구리에 위치한 응봉산 중턱 4,000여 평의 수려한 자연경관과 어우러져 있는, 국내 단 한 곳 밖에 없는 자연용출온천이다.&nbsp; 국내 최고의 수질을 자랑하는 42.4℃의 약 알칼리 성분을 함유하고 있으며 특히 신경통,관절염, 근육통, 피부질환, 당뇨병 등 성인병에 뛰어난 효과가 있다. 자연용출온천수가 자연으로 뿜어져 나오는 원탕의 광경과 기암괴석 맑은 계곡물 등 천하절경의 아름다운 협곡으로 이루어져 찾는 분의 탄성을 자아내는 곳이기도 하다. <br /><br>",경상북도 울진군 북면 덕구온천로 924,35,http://tong.visitkorea.or.kr/cms/resource/22/2395322_image2_1.jpg,http://tong.visitkorea.or.kr/cms/resource/22/2395322_image2_1.jpg,129.2842331949,37.0790592288,0.0,81291
9,125859,5,덕산온천지구,"동국여지승람과 세종실록지리지 등 옛 사료에서 온천역사 500년을 확인할 수 있는 덕산온천은 그 유래가 매우 신비롭다. 이율곡 선생의 저서 '충보'에 의하면 ""날개와 다리를 다친 학이 날아와 이곳에서 나오는 물을 상처에 바르며 치료한 후에 날아갔는데, 학이 앉았던 자리를 살펴보니 따뜻하고 매끄러운 물이 솟아나고 있었다""고 적혀 있다.<br> <br>덕산온천은 1917년 처음으로 탕을 이용한 온천으로 개장되었으며, 게르마늄 성분이 함유된 45℃이상의 천연 중탄산나트륨 온천수는 근육통, 관절염, 신경통, 혈액순환 촉진, 피하지방제거와 세포재생을 촉진시켜 주는 전국 최고의 온천수로 인정받고 있다. 온천지구내에는 온천장 9개소와 관광호텔, 일반호텔  등 50여 개의 숙박업소 및 각종 음식점 등 편의시설을 갖추고 있다.<br>",충청남도 예산군 덕산면,34,http://tong.visitkorea.or.kr/cms/resource/36/1961336_image2_1.jpg,http://tong.visitkorea.or.kr/cms/resource/36/1961336_image3_1.jpg,126.6534911435,36.6954437417,0.0,38691
10,127932,5,도곡원네스 리조트,"도곡온천 관광지는 화순군 도곡면 천암리, 원화리 일원에 있다. 1988년 4월 9일 온천지구로 지정되었으며 관광지로 지정된 것은 1989년 10월 27일로 그 면적은 0.613㎢(18만 5천 평)로 1995년 2월 도곡온천 원탕호텔의 대중탕 개장과 함께 본격적인 호남의 온천시대를  맞이하게 되었다. 현재 사우나, 대중탕 등 각종 부대시설을 갖춘 호텔, 여관 등 12개 온천이용업소가 성업 중에 있으며 최근 각종 물놀이시설을 갖춘 온천이용시설이 개장하여 도곡온천 관광지를 찾는 온천관광객의 선택의 폭을 더욱 넓혀주게 되었다. 주변에 세계유산 화순고인돌공원과 2개의 골프장(클럽900, 남광주cc)  그리고 천불천탑의 운주사가 인접해 있어 남도지역을 관광할 때 이곳에 들러 심신의 피로를 씻고 쉬어가기에 좋은 곳이며 광주에서 10㎞, 남평에서 6㎞, 화순읍에서 12㎞ 거리에 있어 교통이 편리하므로 주말과 휴일에 갑갑한 도심을 벗어나 가족과 함께 하루를 보내기에도 적당한 온천휴양지다.<br>",전라남도 화순군 도곡면 온천1길 45,38,http://tong.visitkorea.or.kr/cms/resource/29/186129_image2_1.jpg,http://tong.visitkorea.or.kr/cms/resource/29/186129_image3_1.jpg,126.9033118398,35.0291490268,0.0,30982
11,127983,5,도산온천,"도산온천이 있는 온혜리(溫惠里)의 옛 이름은 온계리(溫溪里)로  마을에 온천이 있어 붙여진 이름이다. 옛날 예안 현지에는 용두산 밑에 겨울에  얼음이 없고 산 계곡에 따뜻한 물이 있다는 ‘용두산하 동한불빙 계산유온천’이라는  글귀가 수록되어 있다. 하지만 온천이 알려진 시기와 위치에 대한 기록은 전해지지  않아 당시 온천의 정확한 위치는 알 수 없지만 옛날부터 수질이 매우 좋은 온천수가 나왔다는 것은 알 수 있다. 1991년 4월 이후 온천 지구로 고시되어 개장하였고, 한때  문을 닫았다가 (주)대아실업에서 인수하여 다시 문을 열었다. 도산온천은 고온탕·온탕·냉탕·건식  옥사우나 시설로 구성되어 있다. 또한 편의 시설로 50여 대의 차량을 주차할 수 있는  공용 주차장을 비롯하여 관리사무소, 공중 화장실, 종합 온천장, 상가가 있다. 148.76㎡의  매점과 식당에서는 한식과 분식 메뉴를 제공하고 있다.도산온천의 온천수는 강알카리성 중탄산나트륨으로  노화방지, 피부미용, 피로회복, 심장병, 당뇨병, 류마티스(관절염), 신경통, 동맥경화증,간기능 개선 등에 좋다.<br /><br />* 도산온천의 유래와 전설 *<br /><br />도산온천이 있는 온혜리에는 온천과 관련된 전설이  전해오고 있다. 옛날 노파가 자식이 중병에 처해 용두산 영산정에서 여러날 기도를  올렸다. 그러던 중 꿈속에 산신령이 현몽하여 산 밑의 온수를 찾아 자식을 치료하면  났는다고 알려주었다. 실제 그 물을 먹이고 목욕을 시켰더니 병이 완치되었다. 이후  고마운 마음에 따뜻한 '온'자, 은혜 '혜'자를 붙여서 '온혜'라는 지명이 생겼다.<br>",경상북도 안동시 도산면 온천로 570,35,http://tong.visitkorea.or.kr/cms/resource/69/178269_image2_1.jpg,http://tong.visitkorea.or.kr/cms/resource/69/178269_image3_1.jpg,128.8201648427,36.7505017932,0.0,31559
12,2711056,5,동해약천온천실버타운,"강원도 동해시 북쪽, 망운산 자락 아래 위치한 온천이다. 영동선·KTX 묵호역에서 차로 12분, 영동선 망상역에서는 차로 5분가량 떨어져 있다. 같은 이름의 노인복지시설 안에 자리한 온천은 (주)동해샘물과 시설이 함께 관리해 깨끗한 수질을 보장한다. ‘동해약천온천’이라고도 불리는 이곳의 온천은 26.5℃의 중탄산나트륨천이다. 나트륨, 칼슘, 마그네슘이 풍부한 온천에는 치유 효과가 좋은 광물질이 다량 함유되어 있다. 온천 종류는 여섯 가지다. 온탕, 열탕, 냉탕은 기본이고, 심층해수탕, 황토탕, 수중 안마탕까지 갖춰 다양한 온천을 넘나들며 몸속에 쌓인 피로를 풀 수 있다. 심층해수탕은 동해의 맑은 바닷물을 끌어왔고, 황토탕은 혈액순환과 피부미용에 도움이 된다. 옥사우나·자수정사우나·소금사우나·황토사우나, 총 4개 사우나는 땀을 쭉 빼 몸속 노폐물을 밖으로 빼낸다. 여름에 개방하는 야외 온천풀장은 온천과 물놀이를 함께 즐길 수 있어 가족 단위 여행객에게 인기가 높다. 온천에서 차로 10분 안에 망상해수욕장, 망상오토캠핑리조트&망상해변한옥마을이 닿는다.<br>",강원도 동해시 석두골길 145,32,http://tong.visitkorea.or.kr/cms/resource/64/2731364_image2_1.jpg,http://tong.visitkorea.or.kr/cms/resource/64/2731364_image3_1.jpg,129.0669812828,37.5942068674,0.0,0
13,587699,5,디오션리조트 워터파크,"국내에서 유일하게 푸른 다도해를 보며 물놀이시설을 즐길 수 있는 워터파크는 실내의 경우 인공파도장과 슬라이드, 유수풀, 아쿠아키즈풀, 스파가 있다.
실외는 슬라이드,캐논볼, 파도풀이 각각 운영되며 바다를 바다보는 인피니티풀을 개장하여 운영중이다.
또 놀이방, 수유실, 체온유지실, 수영복 매장 등 부대시설도 갖추어있다.",전라남도 여수시 소호로 295 디오션리조트,38,http://tong.visitkorea.or.kr/cms/resource/46/2605246_image2_1.bmp,http://tong.visitkorea.or.kr/cms/resource/46/2605246_image2_1.bmp,127.6446680548,34.7311840404,0.0,51789
14,2794932,5,러쉬 이태원SPA점,"러쉬 이태원 SPA점은 테라피스트, 심리치유사, 음악가가 협력해 만들었다. 영국 전통 스파 혹은 감성 스파라 일컫는다. 9가지 트리트먼트를 각기 다른 프로그램으로 구성했다. 대표 프로그램은 ‘The Good Hour’이다. 흥겨운 분위기 속에서 육체 피로를 날려주고 내면에 편안함을 안겨준다. 가장 큰 특징은 배 위에 편안하게 누워 항해하는 테마로 꾸몄다는 것. 푸른 바다 빛깔 조명이 바다 한가운데 떠 있는 듯한 분위기를 느낄 수 있다. 선원들의 노랫소리, 직접 녹음한 파도와 갈매기 소리가 어우러져 생동감을 더한다. ‘Tales of Bath’ 프로그램도 인기다. 입욕과 부드러운 마사지로 몸과 마음을 회복하며 삶을 되돌아본다는 의미를 담았다.",서울특별시 용산구 회나무로42길 10,1,http://tong.visitkorea.or.kr/cms/resource/43/2796143_image2_1.jpg,http://tong.visitkorea.or.kr/cms/resource/43/2796143_image2_1.jpg,126.9956618545,37.5407158882,0.0,0
15,2781270,5,리안월드핫스프링빌리지,"인천 강화군 석모도에 위치한 리안월드핫스프링빌리지는 지하 700m 암반층에서 나오는 천연 온천수를 공급하는 온천과 리조트가 결합된 복합단지이다. 한옥 48개 동, 모던빌리지 93개 동, 상가 9개 동으로 되어 있으며 4개 블록으로 구성되어 한옥타운과 넓은 정원을 산책하며 온천욕을 즐길 수 있는 곳이다. 
천연온천 한옥단지 온천 한옥마을과 모던한 스타일의 모던 빌리지, 별장형 프리미엄급 리조트와 물놀이 테마파크, 대형음식점 등이 조성되어 있다.",인천광역시 강화군 삼산면 삼산남로 411,2,http://tong.visitkorea.or.kr/cms/resource/08/2781308_image2_1.png,http://tong.visitkorea.or.kr/cms/resource/08/2781308_image2_1.png,126.3553447144,37.6630819649,0.0,0
16,127608,5,마금산원탕,"마금산원탕은 지역 이름을 따 북면온천이라고도  한다. 창원시 의창동에서 지방도 1045선을 따라 북쪽으로 13km지점, 자동차로 약  20분 가량 거리인 마금산(해발 200m) 기슭에 자리잡고 있다. 이 온천은 아무리 퍼  올려도 마르지 않아 ‘신비의 샘’으로 알려져 있다. 현재까지도 마금산온천은 각종 질환에 효험이 있는  것으로 유명하다. 마금산온천의 온천수를 마시면 간 질환, 만성 변비, 당뇨병, 비만증,  위장병에 좋고, 이 온천수로 목욕을 하면 신경통, 관절염, 습진, 창상 등에 효험이  있는 것으로 알려져 있다. 특히 격렬한 신경통과 류마티스, 잠수병 등에 특효가 있어  멀리서 찾아오는 사람들이 많다. 수온 55℃ 이상을 유지하는 약알카리성 온천으로  온천수의 주성분은 나트륨, 라듐, 망간, 황산이온 등 20여종의 광물질을 함유하고  있어 관절염, 부인병, 신경통, 잠수병 등에 효능이 있는 것으로 알려져 있다. 또한  온천 주변에 빼어난 산세를 자랑하는 천마산, 마금산, 백월산(400m)등이 있어 온천욕과  함께 등산을 겸할 수 있다.<br /><br />마금산온천은 동국여지승람에 온천수가 나왔다는  기록이 있다. 또한, 마금산온천에 대한 문헌 기록은 조선 초엽에 나타난다. 조선 초엽에  마금산계곡에서 솟아난 약수가 각종 질환에 효험이 있다는 소문이 나자 전국에서  사람들이 모여 들었으나, 모여든 사람들이 지역 주민들에게 민폐를 끼치게 되어 약수를  매몰하였다는 기록이 있다. 1927년 당시 마산도립병원장으로 있던 일본인 도꾸나가씨가  간이욕탕 시설을 하여 요양장소로 이용하다가 해방과 더불어 지역 주민인 손진일씨가  본격적으로 개발하였다.<br>",경상남도 창원시 의창구 북면 천주로 1167,36,http://tong.visitkorea.or.kr/cms/resource/16/2043316_image2_1.jpg,http://tong.visitkorea.or.kr/cms/resource/16/2043316_image3_1.jpg,128.609472838,35.3544117553,0.0,72675
17,127995,5,마우나오션리조트 블루 워터,"마우나오션 리조트의 중심 위락지역인 엔터테인먼트플라자는 다양한 테마가 있는 쇼핑가, 레스토랑 등 온갖 위락시설이 즐비한 엔터테인먼트 스트리트와 다양한 슬라이드 시설 등 물놀이 시설이 구비된 물의 나라 워터파크 그리고 아웃도어레저(산책로, 등산로,)와 마우나오션 비치, 마우나오션 콘도미니엄과 마우나오션 컨트리클럽(18홀), 스파시설(아쿠아테라피) 등이 있다. 패밀리 스파 마우나 빌은 21세기 첨단형 신 휴양공간 패밀리 스파&바데풀로 영남최초의 고품격 스파시설의 다기능 바데풀과 최첨단수(水) 치료 장비를 갖춘 다양한 경락, 근육 마사지 등의 프로그램이 있다<br>",경상북도 경주시 양남면 동남로 982,35,http://tong.visitkorea.or.kr/cms/resource/37/1885437_image2_1.jpg,http://tong.visitkorea.or.kr/cms/resource/37/1885437_image3_1.jpg,129.369186127,35.6843665104,0.0,28505
18,126647,5,문경종합온천,문경종합온천은 1995년말 경상북도로부터 온천지구로 지정 고시되어 지난 2001년 3월 24일 개장한 종합온천이다. 또한 지하 900m 화강암층과 석회암층사이에서 분출한 칼슘중탄산천과 지하 750m 화강암층에서 분출한 알칼리성 온천수를 공급하여 한 번의 입장으로 두 가지 온천을 즐길 수 있는 전국 유일의 복합보양온천이다.,경상북도 문경시 문경읍 온천2길 24,35,http://tong.visitkorea.or.kr/cms/resource/84/1958784_image2_1.jpg,http://tong.visitkorea.or.kr/cms/resource/84/1958784_image3_1.jpg,128.1091343918,36.7300491533,0.0,35182
19,2770713,5,미성온천,"미성 온천은 대구시 달서구 대천동에 자리 잡고 있다. 이곳은 지하수, 광천수, 암반수보다 좋다고 알려진 황산염 광천 온천수를 쓴다. 이 덕분에 고혈압, 관절염, 불면증 개선에 효과적이다. 내부에는 대형 바데풀, 폭포탕, 테마가 있는 이벤트탕, 여성 전용 소금 찜질방, 수소 찜질방 등이 갖춰져 있다.",대구광역시 달서구 조암남로28길 9,4,http://tong.visitkorea.or.kr/cms/resource/50/2770850_image2_1.jpg,http://tong.visitkorea.or.kr/cms/resource/50/2770850_image2_1.jpg,128.5175432112,35.8176828065,0.0,0
20,128210,5,발리온천,"울주군 온양읍 발리에 위치한 울산온천은 조선시대에는 안태봉으로 일컬어졌는데, 임금이 와서 목욕을 하고 갔다고 전해진다. 한국동력 자원 연구소가 인정한 제29호 온천지구로 지정되어 1990년 8월에 온천 대중탕과 국제규모의 온천 실내수영장을 갖추고 문을 열었다.수온이 30.2∼32.8℃의 약알카리수로 라돈이 많이 함유되어 있는 천연라돈 식염천으로 신진대사를 촉진시키고, 신경통과 관절염의 치료, 보위, 보장, 피부병의  치료 등 여러 가지의 효과가 인정되어 연일 이용객이 늘고 있다. 온양면의 물줄기인 남창천 아래로 흐르는 물은 아무리 추운 겨울이라 해도 얼지 않고 아침이 되면 김이 무럭무럭 난다고 한다. 국도 14호선 및 지방도 1028호선 교차점에 근접한 지역으로 울산에서 15㎞, 부산,경주에서 40㎞ 이내로서 대도시 온천 관광객의 유치가 용이하다.<br>",울산광역시 울주군 온양읍 상발2길 34,7,http://tong.visitkorea.or.kr/cms/resource/16/217716_image2_1.jpg,http://tong.visitkorea.or.kr/cms/resource/16/217716_image3_1.jpg,129.2931117223,35.4059713746,0.0,44324
21,2782126,5,보원장탄산천,"1998년 온천 개발 도중 알칼리탄산수가 용출되어 생긴 탄산천이다. 알칼리 성분은 산성화된 인체를 중화시켜 피부미용에 좋고, 피로회복, 신진대사 증진, 빈혈, 신경통, 만성습진등에 좋다. 또한, 탄산천은 탄산가스가 피부에 깊숙이 흡수되어 피부를 자극함으로써 모세혈관이 확장되기 때문에 혈액순환에 좋은데 이는, 일반 대중목욕탕과의 차이점이다. 전용 주차장이 있으며, 걸어서 3분 거리에 구리 재래시장이 있어 먹거리를 즐길 수도 있다.",경기도 구리시 안골로 79,31,http://tong.visitkorea.or.kr/cms/resource/15/2782315_image2_1.jpg,http://tong.visitkorea.or.kr/cms/resource/15/2782315_image2_1.jpg,127.1400331992,37.5976063224,0.0,0
22,2745737,5,북수원온천,"도심 속 온천으로 대중교통 접근성이 좋아 전철 1호선 성균관대역에서 내리면 바로 앞에 위치해 있다. 지하 약 800m에서 끌어올린 천연 온천수를 사용하고 있으며  PH 9.25의 중탄산나트륨 알칼리성 온천수로 칼슘, 칼륨, 철, 황산 등 이로운 광물질의 함량이 높아 신경통, 근육통, 피부질환 등에 도움을 준다. 내부에는 온탕, 열탕, 이벤트탕, 파도 냉탕, 건식 사우나, 습식 사우나, 기능 탕, 히노끼 탕이 있고 24시간 운영하는 찜질방은 종유석 얼음방, 한증막, 황토 피라미드, 참숯 불가마, 산림욕방, 가족 휴게실, 영화관, 키즈 랜드 등 다양한 시설을 갖추고 있다. 미역국이나 제육볶음을 먹을 수 있는 식당도 함께 운영하고 있어 도심 속 온천을 즐기기에 안성맞춤이다.",경기도 수원시 장안구 서부로 2139,31,http://tong.visitkorea.or.kr/cms/resource/92/2746092_image2_1.jpg,http://tong.visitkorea.or.kr/cms/resource/92/2746092_image2_1.jpg,126.971681929,37.2995073339,0.0,0
23,2733836,5,북한산온천비젠,지하 972m에서 올라오는 미네랄이 풍부한 100% 온천수를 사용하는 곳으로 항암작용에 효과가 있는 게르마늄과 항산화 성분이 비타민E보다 2940배나 많은 셀레늄이 다량 함유되어 있는 북한산 자락에 있는 천연온천이다.,경기도 고양시 덕양구 중고개길 88-10,31,http://tong.visitkorea.or.kr/cms/resource/33/2735233_image2_1.JPG,http://tong.visitkorea.or.kr/cms/resource/33/2735233_image2_1.JPG,126.9329669901,37.659239871,0.0,0
24,2044527,5,블루원 워터파크,"※ 100%사전 예약제(2021.07.17~2021.08.22)<br/>블루원 워터파크는 국내최고 2.6m 높이의 스톰웨이브(파도풀)의 웨이브존, 266m의 짜릿한 래프팅 코스의 토렌트존과 야외 스파 및 실내 스파와 슬라이드의 4계절 내내 즐길 수 있는 포시즌존이 있어 가족은 물론 다양한 연령층이 마음 놓고 즐길 수 있는 국내 물놀이 시설이다. 그저 슬라이드를 타는 것만이 아닌 공중을 날 수 있는 플라잉폭스, 캐논볼의 신규 어트랙션의 설치로 더 신나게 즐길 수 있다.",경상북도 경주시 보불로 391,35,http://tong.visitkorea.or.kr/cms/resource/19/2044519_image2_1.jpg,http://tong.visitkorea.or.kr/cms/resource/19/2044519_image2_1.jpg,129.2892529253,35.8276793992,0.0,9400
25,2490886,5,석모도 미네랄 온천,"보문사, 민머루해수욕장, 석모도수목원과, 휴양림 인근에 위치한 석모도 미네랄 온천은서해바다를 바라보며 지평선으로 넘어가는 석양을 감상하며 온천을 즐길 수 있는 곳으로, 해풍과 햇빛이 그대로 몸으로 전해져 몸과 마음의 안정을 취하기에 좋다.<br /><br />천수는 460m 화강암 등에서 용출되는 51℃ 고온의 미네랄 온천수를 인위적소 독 정화없이 원수로만 사용하고 있으며,칼슘과 칼륨, 마그네슘,염화나트륨 등이 풍부하게 함유되어 있다. 온천수의 각종 미네랄 성분은 아토피피부염, 건성 등 피부 개선에 도움을 줄 뿐만 아니라, 피부에 쉽게 흡수되어 미용과 보습, 혈액 순환을 돕고, 관절염과 근육통 등에도 탁월한 효과가 있다고 알려져 있다.<br>",인천광역시 강화군 삼산면 삼산남로 865-17,2,http://tong.visitkorea.or.kr/cms/resource/92/2490892_image2_1.JPG,http://tong.visitkorea.or.kr/cms/resource/92/2490892_image2_1.JPG,126.3127674439,37.6854313921,0.0,67005
26,2778917,5,석정온천휴스파,"석정온천휴스파는 게르마늄이 함유된 온천수를 100% 사용하여 치유 온천수로 명성이 높아 온천의 즐거움과 건강을 함께 선사하는 곳이다. 온천수에 함유된 게르마늄 성분은 노화 방지 및 신진대사 활성화와 고혈압, 당뇨병, 신경통 등에 뛰어난 효능이 있다. 스파는 기포탕, 플로팅, 넥 샤워, 보행 유수풀 등이 구성돼 있다. 피로를 풀어주는 실내 스파와 여름이 되면 즐길 수 있는 슬라이드, 유아 풀, 성인풀, 홍삼탕, 복분자탕 등이 구성된 야외 스파로 구성되어 있다. 2,000명이 동시 이용할 수 있는 라커룸과 푸드코트, 수유실, 휴게공간 등 다양한 편의시설이 있어 쾌적하고 여유롭게 즐길 수 있다.",전라북도 고창군 고창읍 석정2로 173,37,http://tong.visitkorea.or.kr/cms/resource/25/2780625_image2_1.jpg,http://tong.visitkorea.or.kr/cms/resource/25/2780625_image2_1.jpg,126.7410244472,35.4320812865,0.0,0
27,2766491,5,수목원생활온천,"수목원생활온천은 대구시 달서구 진천동에 자리 잡고 있다. 이곳은 지하 843m 아래 광천 온천수를 사용한다. 약알칼리성의 유황 성분을 함유하고 있어 피부 미용과 피로 회복에 효과적이다. 내부에는 대온천장, 바데푸르 불가마, 피트니스센터 등이 갖춰져 있다.",대구광역시 달서구 상화로 79,4,http://tong.visitkorea.or.kr/cms/resource/93/2766693_image2_1.jpg,http://tong.visitkorea.or.kr/cms/resource/93/2766693_image2_1.jpg,128.522643022,35.8082756316,0.0,0
28,1178650,5,스파라스파 (곤지암리조트),"스파라스파는 곤지암리조트 내에 있는 스파시설로 웰니스, 패밀리스파, 후스파팰리스가 있다. 스트레스, 피로, 불규칙적인 식습관, 운동부족인 현대인들의 균형잡힌 삶을 위하여 전문가들에 의해 운영되는 웰니스는 언제나 최상의 웰빙 상태를 유지할 수 있도록 휴식을 위한 최적의 환경과 최상의 서비스, 건강한 변화를 위한 새로운 생활습관, 새로운 경험을 위한 다양한 프로그램 등 심신의 밸런스를 맞춰주는 프로그램을 운영하고 있다. 패밀리스파는 가족, 친구, 연인이 함께 이용할 수 있으며, 정적인 공간의 감성 풀과 톡특한 체험이 가능한 테라피 공간, 그리고 명상을 위한 메디테이션 가든으로 구성되어 있다. 궁중왕후들이 사용했던 후스파팰리스는 한방약재, 100% 오리앤탈 핸드 마사지 기술과 함께 중국의학을 한국풍토에 맞추어 재탄생시킨 개인 맞춤 관리로 품격있는 자태와 청아한 피부로 가꾸어주는 곳이다.<br>",경기도 광주시 도척면 도척윗로 278,31,http://tong.visitkorea.or.kr/cms/resource/34/1177034_image2_1.jpg,http://tong.visitkorea.or.kr/cms/resource/34/1177034_image3_1.jpg,127.296359733,37.3374976536,0.0,36523
29,127936,5,스파플러스," 이천 지역 최대의 랜드마크로 알려진 이천 스파플러스는 총 1만 평 규모를 자랑하며, 리조트형 호텔 워터파크를 테마로 아이의 눈높이에 맞는 인테리어와 물놀이 시설, 그리고 어른들이 편안하게 즐길 수 있는 스파 시설을 구성해 힐링과 여가, 레저를 한꺼번에 즐길 수 있는 복합 레저 휴양지이다. 미란다 호텔 스파플러스는 지질자원 연구원에서 공인한 중탄산나트륨형 온천수로 지하 1000m에서 용출되는 평균 33.9C 이상의 7.76PH 약알카리성 천연 온천수를 모든 객실 및 실내풀과 야외탕에 제공하고 있다.<br>",경기도 이천시 중리천로115번길 45,31,http://tong.visitkorea.or.kr/cms/resource/85/2042185_image2_1.jpg,http://tong.visitkorea.or.kr/cms/resource/85/2042185_image2_1.jpg,127.4511669061,37.2759992443,0.0,36897
30,2794934,5,시그니엘서울 에비앙 스파,"압도적인 높이와 웅장한 위용을 뽐내는 롯데월드타워. 한국 대표 상징물인 이 빌딩 76~101층에는 시그니엘서울이 자리했다. 시그니엘서울 에비앙 스파의 대표 프로그램은 ‘에비앙스파 서울 리추얼 트리트먼트’다. 전신과 얼굴 관리를 동시에 받을 수 있다. 바디 트리트먼트는 심신 안정과 피로 해소에 효과적인 ‘아흐모니 수브리머’, 피부 탄력 및 안티에이징을 고려한 ‘소인 셰크허 프헤슈’, 부종을 완화하고 셀룰라이트를 개선하는 ‘콤플리스 듀 커흐’, 타이와 시아추 테크닉을 조합한 스트레칭으로 몸의 균형을 회복해주는 ‘아시안 터치’가 있다.",서울특별시 송파구 올림픽로 300,1,http://tong.visitkorea.or.kr/cms/resource/26/2796126_image2_1.jpg,http://tong.visitkorea.or.kr/cms/resource/26/2796126_image2_1.jpg,127.1025779177,37.512623851,0.0,0
31,1601852,5,신북리조트 스프링폴,"수도권의 유일한 중탄산나트륨 온천으로 물 좋고 자연경관이 수려하기로 유명한 포천의 12개울에 자리 잡고 있어 서울 및 수도권지역에서 부담없이 온천욕을 즐기는데 최적의 조건을 갖추고 있다. 온천욕을 하면서 지루함을 느낄 수 있는 아이들을 위해 쾌적하고 안전한 파도풀, 유수풀, 바데풀 등의 물놀이 시설이 있다. 가족과 연인이 만끽할 수 있는 최상의 휴식공간으로 짜릿한 즐거움을 제공하는 워터슬라이드, 파도풀, 유수풀, 바데풀과 자연의 정취를 느끼면서 온천욕을 즐길 수 있는 다양한 스파시설 및 노천탕, 건/습식사우나, 황토방, 아이스방으로 피로의 지친 현대인들의 피로회복과 건강증진, 스트레스 해소등 온 가족이 함께 삶의 활력을 충전할 수 있는 곳이다.<br>",경기도 포천시 신북면 청신로 571,31,http://tong.visitkorea.or.kr/cms/resource/95/2364495_image2_1.jpg,http://tong.visitkorea.or.kr/cms/resource/95/2364495_image3_1.jpg,127.104347832,37.9742534793,0.0,46826
32,2751941,5,신천탕,"온양온천은 한국에서 가장 오래된 온천이다. 역사서에 따르면 백제와 통일신라 시대를 거치면서 1300년 역사를 간직하고 있다. 이러한 온양에 자리 잡은 신천탕은 1960년에 처음 문을 열었다. 신천탕의 온천수는 온도 44~60℃에 pH 9.0의 알칼리성 단순천이다. 원탕인 신천탕의 온천수는 중탄산나트륨을 포함한 약알칼리수 및  실리카 온천으로 근육 이완, 혈액순환 개선 등 다양한 효능이 있다.",충청남도 아산시 온천대로 1469,34,http://tong.visitkorea.or.kr/cms/resource/28/2751928_image2_1.jpg,http://tong.visitkorea.or.kr/cms/resource/28/2751928_image2_1.jpg,127.0012268615,36.7823231517,0.0,0
33,127767,5,아산 스파비스,"<b>※ 코로나바이러스감염증-19 공지사항<br>※ 내용 : 임시휴장 (2020.11.02~별도 공지시 까지)</b><br><u><a href=""https://korean.visitkorea.or.kr/notice/news_detail.do?nwsid=8cdd65e1-59f1-4904-8bc9-884001e40911"" title=""여행정보 변동사항 페이지로 이동"">→ 코로나바이러스감염증-19 여행정보 변동사항 확인하기</a></u><br><br>아산시 음봉면 신수리에 위치한 아산스파비스는 수도권에서 1시간 대에 접근이 가능하며, 기존의 단순 온천 시설과는 달리 국내 최초의 온천수를 이용한 신개념의 테마온천으로 수치료 바데풀과 어린이용 키즈풀, 사계절 이용이 가능한 실외 온천풀에서 물놀이와 온천을 할아버지, 할머니, 아빠, 엄마 ,자녀 온 가족이 함께 즐길 수 있는 가족 건강테마온천이다. 7,100명이 동시 이용 가능한 실내외 워터파크 및 대욕장에는 계절에 따라 딸기, 쑥, 솔잎, 인삼, 허브를 이용한 23개의 이벤트탕과 기능탕을 이용할 수 있다. 2008년 7월 18일 개장한 야외워터파크는 11,000㎡의 부지 위에 1,000명이 동시수용 가능한 75m 대형 파도풀과 4명이 동시에 출발하여 경주하는 100m 레이스 슬라이드, 스릴만점 125m 개방형 튜브, 바디 슬라이드와 대형 파도풀, 파도치는 유수풀 그리고 어른과 어린이 온 가족이 함께 즐길 수 있는 대형 아쿠아 플레이가 설치되며, 물놀이를 즐기면서 이용할 수 있는 푸드코트, 스넥코너, 6개의 대형 파고라, 100여 개의 파라솔, 100여 개의 썬텐배드가 파도풀 옆에 설치되어 물놀이와 휴식을 즐길 수 있다.<br>",충청남도 아산시 음봉면 아산온천로157번길 67,34,http://tong.visitkorea.or.kr/cms/resource/98/1601498_image2_1.jpg,http://tong.visitkorea.or.kr/cms/resource/98/1601498_image3_1.jpg,126.9806239354,36.8558420962,0.0,48114
34,2738052,5,안동학가산온천,"안동 학가산 온천은 2005년에 서후면 명리지구에 온천공을 개발하여 2006년 6월부터 건축공사를 시작하여 2008년 9월 12일 개장했다.
안동 학가산 온천은 pH9.8 중탄산 알칼리 나트륨 성분으로 리튬과 스트론튬의 성분이 검출되어 수질이 우수하다.
1,000여 명을 수용 할 수 있으며, 노천탕을 포함한 바데풀, 다양한 이벤트탕, 전국 최초의 루미라이트 수면방 등을 갖추고 있다. 부대시설로 일반음식점, 매점, 미용실, 회의실 등 다양하다.

*사진 출처: 안동시 공식 블로그 '마카다안동'",경상북도 안동시 서후면 학가산온천길 14,35,http://tong.visitkorea.or.kr/cms/resource/12/2738412_image2_1.jpg,http://tong.visitkorea.or.kr/cms/resource/12/2738412_image2_1.jpg,128.6482487085,36.5893419582,0.0,0
35,128006,5,앙성온천지구,"경기도 장호원과 이어지는 충주시 앙성면 돈산리와 능암리 일원에는 국내 유일의 대단위 탄산수온천타운이 형성되어 있다. 앙성온천은 통상 충온온천지구, 능암온천지구, 돈산온천지구 등 3개 지구를 합쳐 이르는 말이다. 충주시에서는 앙성온천의 개발을 촉진하고자 공원과 무대 등 편의시설을 갖추고 각종 문화·체육 행사를 유치할 수 있는 다목적 기능의 앙성온천광장을 조성하였다.

* 탄산수 온천수의 장점
대략 지하 700m 이상 깊이에서 용출되는 온천수는 수온이 25~38도로 수온이 낮은 편이어서 열탕을 별도로 마련해 놓고 있다. 인체의 건강 증진은 물론 정신적 안정에도 큰 효험이 있다는 탄산수욕은 어깨결림이나 요통, 냉증등 가벼운 병세에 특히 좋고, 피부를 매끄럽게 해주고 피로회복에 효과가 있다는 것이다. 도로변을 따라 7~8개의 온천탕이 저마다 개성있는 서비스로 고객을 맞고 있다.
앙성온천에서는 매년 탄산온천수의 영원한 용출을 기원하며 관광 자원에 대한 우수성을 널리 알리기 위한 앙성탄산온천휴양축제를 열고 있다.<br>",충청북도 충주시 앙성면 가곡로,33,http://tong.visitkorea.or.kr/cms/resource/61/2603261_image2_1.jpg,http://tong.visitkorea.or.kr/cms/resource/61/2603261_image3_1.jpg,127.7970214496,37.0937849348,0.0,31904
36,128020,5,앙성탄산온천,"다양한 효능이 있는 앙성탄산온천의 온천수는 지하 700m에서 용출되며, 탄산수치 2.800㎎을 함유하고 있어 고.저혈압, 당뇨병, 관절염, 신경통, 우울증 및 성인병을 예방하고, 운동부족의 비만증, 어깨결림, 요통, 냉증, 변비, 치질을 예방한다. 또한 탄산온천수는 심신 스트레스 해소, 신진대사 촉진 및 혈액순환에 좋고 과민성피부, 화장독, 기미, 주근깨, 무좀, 습진, 노인성 검버섯 등의 치료에 좋다.
온천수는 수온이 25~38도로 수온이 낮은 편이어서 열탕을 별도로 마련해 놓고 있다. 인체의 건강 증진은 물론 정신적 안정에도 큰 효험이 있다는 탄산수욕은 피부를 매끄럽게 해주고 피로회복에 효과가 있으며, 특히 앙성탄산온천은 '참나무'를 연료로 쓰는 '참나무 장작 보일러'를 사용해 찜질방과 온수를 데워 열공급을 원할히 하는 한편, 건강 증진에도 힘쓰고 있다.
앙성온천지구에 대하여 경기도 장호원과 이어지는 충주시 앙성면 돈산리와 능암리 일원에는 국내 유일의 대단위 탄산수온천타운이 형성되어 있다. 앙성온천은 통상 충온온천지구, 능암온천지구, 돈산온천지구 등 3개 지구를 합쳐 이르는 말이다. 1989년 충온온천지구와 능암온천지구가 관광지로 지정되었으며, 1995년 돈산온천지구가 관광지로 지정되었다. 충주시에서는 앙성온천의 개발을 촉진하고자 공원과 무대 등 편의시설을 갖추고 각종 문화·체육 행사를 유치할 수 있는 다목적 기능의 앙성온천광장을 조성하였다.",충청북도 충주시 앙성면 가곡로 1457,33,http://tong.visitkorea.or.kr/cms/resource/36/177836_image2_1.jpg,http://tong.visitkorea.or.kr/cms/resource/36/177836_image3_1.jpg,127.7970992194,37.0938432626,0.0,51407
37,2732168,5,양지유황천,"수맥의 대가 천주교 임응수 신부가 발견한 온천공을 지하 1,100미터까지 내려가 시추하여 발견한 유황수를 사용하고 있다. PH9.8 / 게르마늄 성분 4.0 PPB 으로 서울에서 가깝고 풍광이 좋아 힐링하기 좋은 유황온천이다.",경기도 용인시 처인구 양지면 중부대로 2325,31,http://tong.visitkorea.or.kr/cms/resource/03/2797403_image2_1.jpg,http://tong.visitkorea.or.kr/cms/resource/03/2797403_image2_1.jpg,127.2975875107,37.2354400406,0.0,0
38,1179738,5,여주온천,삿갓봉 꼭대기에 위치한 여주 유일의 온천이다. 나트륨을 비롯한 천연 미네랄이 듬뿍 함유된 약알칼리성 온천수로 피부염이나 아토피 질환에 효과를 보았다는 사람들이 많다. 손으로 만져보면 미끌미끌한 온천수는 꾸준히 마시면 위장을 건강하게 해준다.,경기도 여주시 강문로 864 여주온천,31,http://tong.visitkorea.or.kr/cms/resource/80/1591380_image2_1.jpg,http://tong.visitkorea.or.kr/cms/resource/80/1591380_image3_1.jpg,127.7288280586,37.2712048772,0.0,34459
39,127914,5,연산온천파크,"연산온천은 수려한 자연경관을 자랑하는 군립공원 내연산과 동해안의 고찰인 보경사가 있는 포항시 북구 송라면에 위치하고 있다. 내연산 군립공원은 동해 영일만 일대의 푸른바다와 항구도시 포항시에서 동해안을 따라 남북으로 길게 형성된 태백산맥의 연봉에 의해 험준한 산악과 협곡을 형성한 내연산(710m)과 천령산(775m), 향로봉(930m)에서 발원하는 중산천이 광천으로 연결되어 계곡사이로 흐르는 물이 12개소의 폭포와 용소를 이루어 동해로 유입되고 중산천의 맑은 물은 사계절 항상 관류하여 자연의 신비함을 나타내 관광객들의 발길이 끊이지 않고 있는 곳이다. 이에 연산온천은 보경사 및 내연산군립공원 등 주변의 다양한 관광자원과 연계하여 사계절 이용이 가능한 온천 휴양지로 개발될 예정이며, 국도7호선과 가깝게 위치하고 있어 천혜의 자원인 산, 바다, 온천이 어우러진 관광휴양 명소로서의 손색이 없는 곳이다.연산온천의 온천수에는 리튬 성분이 많고 나트륨, 칼슘, 마그네슘, 칼륨, 염소등 몸에 유익한 성분이 다량 함유되어 피부각화증, 만성습진 등의 피부병, 미세혈관 확산으로 만성류마티즘, 고혈압증, 당뇨병외 부인병, 동맥경화, 무좀 등에 효능이 있다고 한다. 온천수의 온도는 공저 32.4℃로 성분은 나트륨-중탄산(염소)형의 단순천 및 PH 8.9의 알카리성으로 구성되어 있다.<br>",경상북도 포항시 북구 송라면 보경로 514,35,http://tong.visitkorea.or.kr/cms/resource/72/1967972_image2_1.jpg,http://tong.visitkorea.or.kr/cms/resource/72/1967972_image3_1.jpg,129.3197936027,36.2503238349,0.0,25099
40,126648,5,영일만온천,"영일만온천이 들어선 곳은 예로부터 온정재, 왕어골, 가마골이라 불려오며 온수가 솟았다는 전설이 전해왔다고 한다. 1974년 석유 탐사시 영일만 일대 지열이 전국 최고라는 확인과 함께 1988년 (주)영일만 온천이 개발을 착수해 대규모 온천휴양지를 조성하고 있다.
온천수의 주요성분은 칼슘, 나트륨, 철, 칼륨, 마그네슘, 염소, 황산, 불소, 아연, 중탄산, 산화규소, 라듐, 스츠론듐, 라돈, 게르마늄 등 다른 온천들과 마찬가지로 다양한 무기질 성분을 고루 함유하고 있는 PH9.43인 알칼리성 중탄산나트륨형 온천이다. 다만 수온이 35도 정도로 다소 낮아 열을 가해 사용한다. 온천 효능은 피로회복, 피부미용,노화예방, 신경통, 관절염, 심장병, 간기능개선 등에 효과가 있다고 알려져 있다. 국내에서 가장 젊은 온천이며 체감이 매우 매끄럽고 부드럽다.<br>",경상북도 포항시 남구 대송면 운제로386번길 21,35,http://tong.visitkorea.or.kr/cms/resource/22/1968222_image2_1.jpg,http://tong.visitkorea.or.kr/cms/resource/22/1968222_image3_1.jpg,129.3614568976,35.9529194075,0.0,26273
41,127178,5,예천온천,"* 예천온천(醴泉溫泉)의 유래(由來) *<br /><br />감천면 관현, 천향리 일대는 예천(醴泉-단술예 샘천), 감천(甘泉-달감 샘천), 천향(泉香-샘천 향기향), 온수곡(溫水谷) 등 물과 관련된 지명이 많고 옛부터 온천수(溫泉水)가 있었다는 유래가 있다. 특히 샘밭은 1775년경 온양(溫陽) 정씨(鄭氏)가 개척(開拓)한 마을로 마을 어귀에 가물어도 물이 줄지 않고 추워도 얼지 않는 샘이 있다고 하여 붙여진 이름으로 천전(泉田-샘밭), 온수골(溫水谷)이라고 한다. 조선왕조 실록(朝鮮王朝 實錄) 1599년(선조 32) 9월 22일 편에 보면 임금이 몸이 좋지 않아 평산(平山)에 갈 것을 희망하면서 조종조(祖宗朝)에도 온양(溫陽)이나 예천(醴泉)에 간 일이 있다 하였다. 조종조(祖宗朝)란 태조~세조조까지로 추측할 수 있다.<br /><br />* 몸에 좋은 예천온천욕을 즐겨보자 *<br /><br />예천온천은 2000년 3월 24일 개장하였으며, 2012년 9월 28일에는 기존 온천시설에 남․여탕에 각 100㎡규모의 노천탕을 증축하면서 이용객들의 휴식 공간 확대로 호평을 받고 있다. 온천수의 PH(수소이온농도)가 9.52~10.25의 알칼리성으로 지하 800m 이상에서 용출(湧出)되는 원천수(源泉水)를 100% 그대로 냉,온, 열탕(冷,溫,熱湯), 노천탕, 샤워기에 사용하는 우수한 온천수로 수질이 부드러워 인체표피 지방분을 제거하여 청량감을 주고 피부를 윤택하게 한다. 또한, 중탄산나트륨과 염소·규산·칼슘 등 인체에 유익한 성분을 다량 함유하고 있고, 수질이 매우 부드러워 욕수(浴水)로 적합하다. 특히, 피부미용과 피부병에 탁월한 효과를 보이며 피로회복과 혈액순환, 항진작용, 진정작용, 신진대사, 노화방지(老化防止)에도 효과가 있는 것으로 알려져 찾는 이들이 많다. 최근 북한(北韓)이 자랑하는 금강산(金剛山) 온정리 온천수와 수질이 같은 중탄산- 나트륨(HCO3-Na) 단순천으로 알려지면서 화제가 되고 있는 예천온천의 역사는 <선조실록>에 나타나듯이 조선 초(初 : 1500～1600년)로 추정할 수 있다.<br /><br />* 주변 볼거리 *<br /><br />예천군은 지역 내의 우수 관광지에 ‘예천관광8경’을 선정하였으며 문화유산의 보고 천년고찰 용문사(龍門寺), 육지속의 섬마을 회룡포(回龍浦), 흥미진진 곤충이야기 예천곤충생태원, 아름다운 십승지 마을 금당실전통마을과 송림, 초간정 및 원림, 선몽대, 세금내는 소나무 석송령, 낙동강 마지막 남은 주막 삼강주막 등 예천온천과 연계한 1일코스, 1박2일 코스를 개발 체류형 관광지(觀光地)로  추진 하고 있다.<br>",경상북도 예천군 감천면 온천길 27,35,http://tong.visitkorea.or.kr/cms/resource/28/692028_image2_1.jpg,http://tong.visitkorea.or.kr/cms/resource/28/692028_image3_1.jpg,128.4990886733,36.7230460966,0.0,43989
42,127952,5,오색탄산온천,"국립공원인 설악산 한계령 오색온천·약수지구에 위치한 오색그린야드호텔은 총 50,650㎡(약 15,322평)부지, 41,850㎡(약 12,680평)규모의 지하 3층, 지상 5층 건물에 206개의 객실과 한식당·양식당, 세미나·연회실, 탄산온천탕과 松불가마 등의 부대시설을 갖춘 건강복합 휴양지로 재단장시켜 2008년 5월 중순 다시 문을 열었다. 국내 최대의 설악산 탄산온천은 고대 로마시대 휴양과 건강을 위한 시설인 KARA-KARA와 같은 SPA(온천) 대욕장으로 2가지 온천수를 동시에 즐기는 유일무이의 온천이며, 특히 세계적 저온명천인 탄산온천수는 각종 성인병 질환에 효능이 탁월하고 건강요양, 한방, 미용, 휴식, 문화공간을 모두 갖춘 복합 보양온천이다. 오색온천의 근원은 국내 4대 온천대 중 가장 규모가 큰 중생대 쥬라기의 대보 화강암층 온천으로 이 온천대는 고성, 원암, 속초, 척산, 오색을 거쳐 경기, 인천, 충남온양, 도고 및 덕산온천을 형성하고 있다. 또한, 오색그린야드호텔에서 자체 개발한 탄산온천은 동일 온천대 내에서 타 온천에서는 찾아볼 수 없는 중탄산과 이산화탄소 등 인체 유효 성분을 다량 함유한 온천으로 다종의 온천효과를 즐길 수 있는 국내 유일의 복합온천이다.<br>",강원도 양양군 서면 대청봉길 34,32,http://tong.visitkorea.or.kr/cms/resource/56/2365156_image2_1.jpg,http://tong.visitkorea.or.kr/cms/resource/56/2365156_image3_1.jpg,128.4480249095,38.0807745926,0.0,37133
43,2037031,5,온양관광호텔 온천탕,"온양관광호텔의 온천수는 마니타온을 함유한 랴듐온천으로 온천공에서 직접 공급되는 57℃의 고열온천으로 약아라리성 온천수이다. 온천수의 주요 성분은 칼슘, 라듐, 마그네슘 등의 성분이 골고루 함유되어 있으며 온천수의 주요 효능으로는 피부노화 방지 및 갱년기 장애예방, 당뇨병의 예방과 치유, 항암과 암치료, 피로회복 및 스트레스 해소, 위장병 치유, 성인병 예방과 치유, 신경통, 류마티스, 습진, 피부병, 냉증, 부인병 등의 좋다.",충청남도 아산시 온천대로 1459,34,http://tong.visitkorea.or.kr/cms/resource/18/2037318_image2_1.jpg,http://tong.visitkorea.or.kr/cms/resource/18/2037318_image2_1.jpg,126.9989798179,36.7832035657,0.0,12142
44,125856,5,온양온천지구,"온양온천은 국내에서 기록상 가장 오래된 온천으로 백제시대, 신라시대를 거쳐 그 역사가 1,300여 년에 이른다고 한다. 실제 온천탕으로 기능을 수행해 온 것만도 약 600여 년이 된다는 곳이다. 특히, 조선시대에는 세종대왕을 비롯해 세조, 현종, 숙종, 명종, 영조, 정조 등 여러 임금들이 온궁을 짓고 휴양이나 병의 치료차 머물고 돌아간 기록과 유적들이 지금까지도 남아 있다. 이 온천은 용출되는 온천수의 수온이 57℃ 내외로 고열온천이다. 온천수의 주요 성분은 마니타온을 함유한 라듐온천이며 약알카리성을 지닌 양질의 수질과 풍부한 수량이 자랑이다. 신경통, 관절염, 피부병, 위장병, 고혈압 등 각종 성인병과 피부미용에 효과가 매우 크다고 알려져 있다. 온천수의 수질이 뛰어날 뿐만 아니라 온양관광호텔, 그랜드관광호텔, 온양프라자호텔, 인터파크호텔, 뉴코리아관광호텔 등의 5개 호텔과 120여 개소에 달하는 숙박시설과 온천탕들이 집중적으로 모여있어 많은 관광객이 찾아오는 온천지역으로 손꼽힌다.<br>",충청남도 아산시 온천동,34,http://tong.visitkorea.or.kr/cms/resource/59/2366359_image2_1.jpg,http://tong.visitkorea.or.kr/cms/resource/59/2366359_image3_1.jpg,126.9995242099,36.7833257842,0.0,137487
45,1845544,5,원마운트 워터파크,"일산서구 한류월드 및 킨텍스 지원 부지 내에 위치한 원마운트는 지하 2층, 지상 9층 연면적 16만 1천 602㎡ 규모의 3개 건물로 조성된 수도권 북서부 지역 최대 규모의 복합 문화 공간이다. 원마운트는 지상 최고의 놀이터를 모토로 쇼핑몰, 스노우파크, 워터파크, 멤버십 전용 럭셔리 스포츠 클럽 등의 문화 공간을 비롯, 각종 공연 및 이벤트, 파티 등 연중 끊이지 않는 즐길거리를 제공하고 있다.<br /><br />원마운트 워터파크는 도심형으로는 최대 규모이며, 실내와 실외를 넘나들며 물놀이 및 어트랙션을 즐길 수 있는 도심형 최대 규모의 워터파크다. 유럽 해변의 여유로움과 낭만, 생동감을 느낄 수 있도록 페스티벌 비치 콘셉트로 디자인되어 자연 채광 아래서의 태닝 및 풀사이드 파티 등을 즐길 수 있고, 지상 40m 높이에서 즐기는 아찔한 어트랙션을 포함한 9종의 슬라이드 등이 준비되어 젊은이들의 새로운 놀이터로 각광받고 있다. 또한, 실감나는 파도를 즐길 수 있는 파도풀과 온 가족이 함께 즐길 수 있는 아쿠아 워터플레이 및 어드벤쳐 컨셉의 유수풀, 워터파크 전체에서 펼쳐지는 워터스플래쉬는 방문객들에게 이색적이고 생동감이 넘치는 즐거움을 안겨준다.<br>",경기도 고양시 일산서구 한류월드로 300 고양 원마운트,31,http://tong.visitkorea.or.kr/cms/resource/46/2363346_image2_1.jpg,http://tong.visitkorea.or.kr/cms/resource/46/2363346_image3_1.jpg,126.7545414686,37.6646082788,0.0,20744
46,2774546,5,월드온천24,"월드온천24는 춘천시 신북읍에 위치한 온천이다. 총 3층 건물에 내부는 넓고 다양한 시설을 갖추고 있고, 특히 PH 9.02의 강알칼리의 온천수가 자랑거리다. 남탕, 여탕은 물론 노천탕과 찜질방, 불가마를 갖추고 있고, 식당, 편의점, 미용실, 이발관 등 다양한 편의 시설이 있어 온 가족이 하루 종일 휴식과 휴양의 시간을 갖기 좋다. 온천 정문에 아름다운 소나무길이 드라마 겨울연가 촬영지로 유명하다. 		
*음주자 입장 불가",강원도 춘천시 신북읍 장본길 35,32,http://tong.visitkorea.or.kr/cms/resource/82/2776982_image2_1.jpeg,http://tong.visitkorea.or.kr/cms/resource/82/2776982_image2_1.jpeg,127.7540086643,37.9498322024,0.0,0
47,128148,5,월출산온천,"* 온천과 월출산을 아우르는 종합레저휴양지, 월출산온천 *<br /><br />월출산온천은 영암읍내에서 북서쪽 5km거리에 위치해 있다. 남도의 소금강이라 불리는 월출산의 수려한 경관을 바라보면서 영산강의 한 지류인 영암천과 드넓은 영암평야가 드리워 있다. 1993년 10월에 약 92,5624m²(28만여 평)의 규모로 온천지구로 지정되어 곳곳에 산재한 남도문화유산 등의 관광자원을 결합시켜 휴양, 오락시설을 갖춘 종합레저휴양지로 개발되었다.월출산 온천수는 월출산 암반대의 주요 구성 암석인 홍색장석화강암(맥반석)을 수원으로 하고 있어서 맥반석 온천수로 통칭된다. 이곳 온천수는 맥반석의 강한 흡착, 정화작용에 의하여 유해 유기물과 오염물질이 제거된 순수 천연온천수로써 각종 미네랄 성분과 용존산소량 및 원적외선 방사량이 풍부하여 피로회복, 신경통, 류마치스, 알레르기성 피부질환, 무좀 등에 효과가 있다고 한다.<br /><br />* 월출산 온천을 즐길 수 있는 곳, 월출산 온천관광호텔 *<br /><br />월출산 온천관광호텔은 약 29,752m²(9,000평)의 넓은 대지에 갖가지 야외행사를 할 수 있는 야외광장과 산책로, 연못, 약 300대의 동시주차가 가능한 주차장 등을 확보하고 있다. 대온천탕은 2층 높이의 높은 천정과 야외를 한 눈에 조망할 수 있는 창으로 둘러싸여 있는 시욕장은 리조트온천장으로서의 성격에 가장 적합한 개념으로 설계되었다고 한다. 60실의 객실도 막힘없이 트여진 조망이 특징이며,실외연회장, 한식당 등 편의시설이 고루 갖추어져 있다.<br>",전라남도 영암군 마한로 331 월출산온천관광호텔,38,http://tong.visitkorea.or.kr/cms/resource/15/1009315_image2_1.jpg,http://tong.visitkorea.or.kr/cms/resource/15/1009315_image3_1.jpg,126.6568166215,34.8158411588,0.0,40992
48,2605899,5,유성 족욕체험장,"대전 유성온천지구 내 유성족욕체험장은 섭씨 40도의 천연 온천수가 공급되는 노천족욕장이다. 2만 778㎡ 규모의 4개 족욕장에서 동시에 200명이 족욕을 즐길 수 있다. 이 족욕체험장은 대전을 방문한 관광객들이 가벼운 마음으로 온천을 즐길 수 있도록 마련해 무료로 이용할 수 있다. 대전 유성구에서 수질 관리와 청결에 신경을 써 마음 놓고 족욕을 즐길 수 있는 곳이다. 족욕을 하기 전에 발을 깨끗이 씻는 장소가 따로 마련되어 있다.발과 다리를 뜨거운 물에 담그는 족욕은 혈액순환에 좋고, 스트레스와 통증을 완화하는 효과가 있어 남녀노소 누구에게나 좋은 목욕법이다. 이곳은 특히 어르신들이 즐겨 찾는다.<br>",대전광역시 유성구 봉명동,3,http://tong.visitkorea.or.kr/cms/resource/91/2605891_image2_1.jpg,http://tong.visitkorea.or.kr/cms/resource/91/2605891_image3_1.jpg,127.3454325546,36.3550449502,0.0,0
49,125858,5,유성온천지구,"유성온천은 대전 중심가에서 서쪽으로 약 11km 가량  떨어진 유성구의 중심을 이루고 있는 대단위 온천관광타운이다. 유성의 온천수는50∼400m로 구성된 화강암 단층 파쇄대에서 생성된 물로서, 화강암의 단층균열층을  따라 지하 200m 이하에서 분출되는 27~56℃ 정도의 고온 열천이다.약 60 여종의 각종 성분이 함유되어 있으며 중금속이  전혀 검출되지 않은 산성도(pH)7.5∼8.5의 약알카리성 단순천으로 명성을 떨치고  있다. 특히 온천이 시내에 위치해 있어 대표적인 도시형 온천으로 주변으로 대규모  숙박시설과 유흥주점들이 들어서 관광타운을 형성하고 있다. 또 유성컨트리클럽, 꿈돌이동산, 엑스포과학공원  등이 조화를 이뤄 관광과 온천욕을 겸한 단체관광객과 일반 행락객들이 끊이지 않고  이어져 도시발전에도 크게 기여하고 있다. 유성IC와 대전 월드컵경기장이 불과 1km  남짓한 거리다. 전국 어디서나 접근이 쉽고 이용이 편한 온천타운으로 발전의 소지가  더욱 높다.<br /><br />* 유성온천지구의 또다른 볼거리, 5월의 눈꽃축제 *<br />대전은 5월이 되면 바빠진다. 이곳 유성온천거리에  5월의 눈꽃축제가 열리기 때문이다. 유성온천거리에는 눈을 닮은 하얀 꽃잎이 아름다운  이팝나무가 가로수로 많이 심어져 있고, 눈꽃거리가 조성되어 매우 아름답다.",대전광역시 유성구 봉명동 574,3,http://tong.visitkorea.or.kr/cms/resource/24/1885424_image2_1.jpg,http://tong.visitkorea.or.kr/cms/resource/24/1885424_image3_1.jpg,127.3448131576,36.355344905,0.0,82328
50,126728,5,의성 탑산약수온천,"경북 의성군에 위치한 의성탑산약수온천은 1995년에 개장하였다. 수질이 뛰어나다는 소문과 함께 의성, 영주, 예천, 영양 등 경북 내륙 지역은 물론, 대구와 구미 등지의 주말 온천나들이 차량과 중앙고속도로를 이용하는 관광버스들이 줄지어 찾아들어 크게 성황을 이룬다. 약 7,000만 년 전 인근에 있는 금성산(金城山)의 화산 분출로 생겨난 것으로 추정된다. 수질은 pH 9.0~9.3℃이고, 토출온도는 25.7~26.9℃로 수온이 낮은 편이다. 국내 최고 게르마늄온천(72.4㎍)으로 판명됐다고 한다, 따라서 온천수의 효능도 남다르다. 피부미용, 당뇨, 혈압, 위장병, 관절염 등은 물론 항암작용까지 
있는 것으로 알려지고 있다. <br /><br />* 온천과 함께 즐길 수 있는 것 *<br /><br />의성탑산약수온천에는 한번에 600명을 수용할 수 있는 온천탕과 객실 30개 규모의 온천장시설 및 부대시설로 노래방, 요리전문점, 연회장, 농산물 직판장 등이 있다. 또한, 중앙고속도로 옆에 있어 접근이 용이하며, 인근에는 수정사(水淨寺), 공룡발자국화석, 고운사(孤雲寺), 빙계계곡(氷溪溪谷), 의성 탑리 오층석탑(국보 77) 등 관광명소가 많이 있다. 온천으로 몸을 풀고 인근의 
관광지를 여행하는 것도 온천여행으로 좋은 코스라 할 수 있다.<br>",경상북도 의성군 봉양면 도리원2길 88-42,35,http://tong.visitkorea.or.kr/cms/resource/50/2541550_image2_1.jpg,http://tong.visitkorea.or.kr/cms/resource/50/2541550_image2_1.jpg,128.5892621232,36.303967832,0.0,26150
51,2660059,5,이순신의 물의나라 워터랜드,"어트랙션, 수상레저스포츠, 해양안전체험활동까지 물에서 즐길 수 있는 모든 액티비티를 한번에 체험할 수 있는 장소로 28년간의 오랜 경험과 노하우를 바탕으로 한 해양수산부산하 유일한 청소년해양교육단체 해양소년단이 운영해서 믿을 수 있고, 케이블카, 루지 5분 거리로 물놀이와 통영관광을 한번에 체험할 수 있다.<br>",경상남도 통영시 도남동,36,http://tong.visitkorea.or.kr/cms/resource/55/2660055_image2_1.bmp,http://tong.visitkorea.or.kr/cms/resource/55/2660055_image2_1.bmp,128.4341467127,34.8255067905,0.0,0
52,2764342,5,이천설봉온천랜드,"이천에서 나오는 100% 천연 온천수 물을 이용하는 온천이다. 안흥 유원지 내에 4층 건물로 1층에는 여탕, 2층에는 식당과 찜질방, 3층에는 남탕, 4층에는 가족탕이 있다. 24시간 운영하나 감염병 예방을 위해서 이용 시간을 제한하고 있다. 이천 종합 터미널에서 걸어서 10분 거리에 있다. 가까이에 족욕과 산책을 할 수 있는 이천 온천공원이 있다.",경기도 이천시 애련정로 67-16,31,http://tong.visitkorea.or.kr/cms/resource/52/2764352_image2_1.png,http://tong.visitkorea.or.kr/cms/resource/52/2764352_image2_1.png,127.4514918514,37.2768880365,0.0,0
53,126573,5,일동제일유황온천,"일동제일온천은 포천군 일동온천지구에 초입에 자리잡고 있다. 지하 800m에서 끌어올린 유황온천수와 지하 1,000m에서 용출된다는 뛰어난 수질로 서울과 경인지역 이용객들이 즐겨 찾는 곳이다. 수질은 유황성분이 주를 이루며 류머티즘, 성인병, 당뇨, 고혈압, 신경통, 부인병, 관절염, 각종 피부질환에 효과가 있는 것으로 알려져 있다.",경기도 포천시 일동면 화동로 1210,31,http://tong.visitkorea.or.kr/cms/resource/30/487030_image2_1.jpg,http://tong.visitkorea.or.kr/cms/resource/30/487030_image3_1.jpg,127.3286997222,37.9676833492,0.0,139400
54,128123,5,척산온천지구,"설악동에서 학사평과 미시령에 이르는 길목에 있는 노학동 척산온천지구는 알카리성 단순천 두 곳이 온천타운을 이루고 있다. 무미, 무취하여 물빛이 약간 푸른빛을 띄는 것이 특징이다. 불소와 방사성물질인 라듐 등이 함유된 알카리성 온천으로 피부병, 눈병, 위장병, 신경통 등과 충치를 비롯한 치아관련 질환 예방 및 치료에 효과가 있다고 알려져 있다.온천수는 체감이 매끄럽고 피부노화 예방에 좋을 뿐더러, 그냥 마셔도 미용과 혈액순환을 원활하게 하여 건강에 이롭다고 한다. 온천장에서 목우재를 넘어 설악동까지는 불과 10여 분 거리여서 설악산 산행을 마친 뒤 피로를 씻고 잠시 휴식을 취하는 장소로 적격이다.<br>",강원도 속초시 관광로 288,32,http://tong.visitkorea.or.kr/cms/resource/55/1950455_image2_1.jpg,http://tong.visitkorea.or.kr/cms/resource/55/1950455_image3_1.jpg,128.5436879268,38.1870029733,0.0,53563
55,126541,5,청도 용암웰빙스파,"청도용암온천은 지하 850m의 심층에서 용출되는 양질의 게르마늄 유황온천으로 관절염, 천식위장병, 빈혈, 신경통에 탁월한 효능이 있는 것으로 알려져 대구, 경북지역에서 많은 온천객들이 찾아든다.예로부터 이곳 마을에는 장수한 노인과 힘센 사람이 많은 동네로  인근에 소문났었다고 하는데 뛰어난 수질 탓이라는 것이다. 특히 중탄산나트륨형의 게르마늄 함유량이 다른 지역 온천에 비하여 15 ~ 30배에 이르는 수질은 목욕 뿐 아니라 작물에 미치는  영향도 뛰어나다는 것이다. 1일 6,200톤에 이르는 풍부한 수량은 탕마다 철철 넘처흘려 온천욕을 더욱 즐겁게 해주고 대중탕 이외에 노천온탕과 냉탕이 마련돼 있어 신선한 공기를 호흡하며 온천을 즐길 수 있다.<br>",경상북도 청도군 화양읍 온천길 23,35,http://tong.visitkorea.or.kr/cms/resource/82/1615082_image2_1.jpg,http://tong.visitkorea.or.kr/cms/resource/82/1615082_image3_1.jpg,128.7190429494,35.6887316469,0.0,40101
56,129419,5,청송솔기온천,"청송 주왕산관광호텔에 위치한 솔기온천. '솔기'란 소나무솔(松)과 기운기(氣)의 합성어로서 예로부터 십장생의 하나인 소나무의 기운이 서린 온천수라는 뜻이다. 현대인의 만성 질병인 스트레스로 인한 두통, 어깨결림 등을 해소하는데 효과가 있다고 전하며 주왕산국립공원, 하회마을, 도산서원, 안동댐, 임하댐, 영덕 해상공원의 일출, 영양수비계곡 등 주변의 관광명소를 마음껏 만끽할수 있는 천혜의 자연환경을 유지하고 있다.<br>",경상북도 청송군 청송읍 중앙로 315,35,http://tong.visitkorea.or.kr/cms/resource/15/2365515_image2_1.jpg,http://tong.visitkorea.or.kr/cms/resource/15/2365515_image3_1.jpg,129.0628969618,36.4359700623,0.0,26482
57,592313,5,통도 아쿠아 환타지아,"* 경남의 대표 워터파크, 통도 아쿠아 환타지아 *<br /><br />통도 아쿠아 환타지아는 양산시 하북면 순지리에 있는 워터파크이다. 지상 13층, 객실 수 100개 규모의 콘도미니엄을 건립해 이 콘도미니엄의 지하 1층부터 지상 4층까지 연면적 1만 8,000여㎡에 스파시설이 포함된 실내 물놀이시설인 ‘시실리 아일랜드’가 있다.물놀이시설은 3개의 슬라이더를 갖추고 있으며 유수풀과 다이빙풀, 레저풀, 키디풀 등 다양한 물놀이 공간을 확보하고 있다.<br /><br />특히 이 시설에는 1,000m 지하 암반온천수를 끌어올려 폭포탕과 동굴탕, 노천탕 등 다양한 스파시설을 갖추고 있으며 산소방, 아이스방, 불가마, 숯가마 등 여러가지 테마의 찜질방과 테라피 시설도 갖추었다. 통도아쿠아환타지아는 2006년 여름, 파도풀과 유수풀을 비롯해 튜브 슬라이드, 스피드 슬라이드, 바디 슬라이드 등 각종 물놀이시설과 부대시설을 갖춘 실외시설을 개장했다. 아쿠아환타지아, 파도풀, 토렌토 리버 등 다양한 테마풀과 경주용 슬라이드, 스피드 슬라이드 등 스릴 넘치는 워터슬라이드가 있는 실외 시설은 여름 시즌에만 오픈된다.<br /><br />* 통도 환타지아에 대하여 *<br /><br />통도환타지아는 36홀의 국제적 규모를 갖춘 통도컨트리클럽을 
함께 운영하고 있는 ㈜동일리조트의 유원지 사업부로서 영남 알프스인 영축산(靈鷲山) 가장 자리에 위치한 부산 및 경상남도권 내 최대의 테마파크이다. 통도환타지아는 약 30기종의 유희 시설, 환타지아 호수여행, 수영장, 자연호수, 이벤트광장 및 야외공연장, 미니동물원, 솔밭동산, 야생식물원, 눈썰매장, 식당, 편의점, 스넥코너 등을 갖추고 있다. 유희 시설에는 환타지아스페셜, 플리퍼, 프리스윙, 시뮬레이션라이더, 바이킹, 아폴로, 범퍼카, 콘돌, 4D입체영상관, 회전목마, 환타지아 미니특급, 우주전투기, 풍선여행, 하늘자전거, 관람차, 다람쥐통, 닌자거북이, 해피스카이, 써키트2000, 코인라이드, 드라큐라백작의 
초대, 혹성탈출, 페달보트, 번지점프 등이 있다.<br>",경상남도 양산시 하북면 통도7길 68,36,http://tong.visitkorea.or.kr/cms/resource/20/1337120_image2_1.jpg,http://tong.visitkorea.or.kr/cms/resource/20/1337120_image3_1.jpg,129.0791417064,35.4981181353,0.0,39042
58,631934,5,파라다이스 스파도고,"보양온천으로 지정된 ‘파라다이스 스파 도고(Paradise Spa DOGO)’는 파라다이스 호텔을 운영하고 있는 파라다이스 그룹이 온천의 고장 충남 아산에 문을 연 대형 휴양 시설이다. 총 24,622㎡ 규모에 최대 5,000여 명을 수용할 수 있는 곳으로 수치료를 겸하는 바데풀, 사계절 따뜻한 유황온천수에서 사우나를 즐길 수 있는 온천 대욕장과 다양한 물놀이 시설을 갖추고 있다. 특히, 계절별 다양한 테마로 이루어지는 야외 이벤트 스파도 인기이다. 겨울철에는 건강을 위한 오가피탕, 생강탕, 귤껍질을 이용한 탕 등을 운영한다. 또한, 온천을 즐기면서 김치 만들기, 감 따기, 목장체험 등을 동시에 즐길 수 있도록 주말 이색 패키지 프로그램도 선보인다. 이 외에도 주변에는 현충사, 외암리 민속마을, 온양민속박물관, 신정호, 맹사성 고택 등 볼거리가 많아 가족 나들이 코스로 좋다.<br><br>파라다이스 스파도고는 행정안전부가 심사하고 승인하는 국민보양온천에 충청도 1호로 지정되었다. 국민보양온천은 온천수의 수온이 35도 이상이거나 의학적 효능이 우수한 광물질이 일정량 이상 포함되어 있고, 운동욕장(바데풀), 온천욕장, 노천탕등의 시설을 갖추고 있는 온천이다.<br><br>* 면적 : 24,622㎡ (실내 9,909㎡, 실외 6,811㎡) 지하 1층, 지상 2층",충청남도 아산시 도고면 도고온천로 176,34,http://tong.visitkorea.or.kr/cms/resource/38/2480338_image2_1.jpg,http://tong.visitkorea.or.kr/cms/resource/38/2480338_image3_1.jpg,126.8879486462,36.7655814199,0.0,50334
59,2766443,5,파라다이스유황천,"파라다이스 유황천은 경북 포항시 북구에 있다. 휴식을 원하는 현대인들의 안식처로 인기다.
이곳은 지하 570m, 온도 41도의 100% 천연 원수만을 사용하고 있다.
이용객의 건강과 편익을 위해 헬스장을 무료 개방하였으며, 스포츠 마사지, 남탕 이발소 등을 운영하고 있다. 
연중무휴 24시간 영업하며 포항 선린대학 옆에 있다.",경상북도 포항시 북구 흥해읍 초곡길 81,35,http://tong.visitkorea.or.kr/cms/resource/11/2766611_image2_1.jpg,http://tong.visitkorea.or.kr/cms/resource/11/2766611_image2_1.jpg,129.3334860953,36.084920614,0.0,0
60,127987,5,팔공산온천관광호텔(온천),"팔공산 주봉인 비로봉 남동쪽 계곡부(동화사 집단 시설지구 내)에서 온천수가 발견되었다. 팔공산 화강암을 기반암으로 지하 687.04m에서 용출되는 28.9℃의 온천수는 염화나트륨(Na-CI) 성분이 우세한 양질의 약 알칼리성(PH 8.0) 온천수이다. 팔공산 온천은 온천수가 가지는 주요 성분이 다량 함유된 가운데 염화나트륨 성분이 우세한 양질의 약 알칼리성 온천수로 신진대사촉진, 소화기 질환, 비뇨기질환, 호흡기, 생식기, 순환기, 신경통, 빈혈, 피부미용, 화상, 창상, 통풍, 요통, 류마티스, 고혈압, 동맥경화, 담도계 질환, 당뇨질환, 비만, 피로, 만성습진, 쾌변, 해독, 골다공증 예방 등에 좋은 효과를 얻을 수 있다. 팔공산 온천은 노천온천, 대욕장, 보석찜질방, 산소방, 다이유진 원적외선 토굴기치료방 등 다양한 온천 시설을 갖추고 있기 때문에 개인의 취향에 따라 온천을 선택할 수 있다. 또한, 연회장, 한양식당, 커피숍, 노래방, 온돌휴게실, 족구장, 축구장, 편의점 등의 부대시설을 갖추고 있다.<br>",대구광역시 동구 팔공산로185길 11,4,http://tong.visitkorea.or.kr/cms/resource/53/1196553_image2_1.jpg,http://tong.visitkorea.or.kr/cms/resource/53/1196553_image3_1.jpg,128.6922396491,35.9909719627,0.0,49140
61,2769846,5,포레스트 리솜 해브나인 스파 (해브나인 힐링스파),"포레스트 리솜 해브나인 스파는 충북 제천시 백운면에 자리 잡고 있다. 힐링 스파존에는 인체 경락 부위에 따라 다양한 수압 마사지를 즐길 수 있는 바데 풀을 비롯해 물에너지 스파, 사상체질 스파 등의 시설이 갖춰져 있다. 아쿠아 플레이존은 보호자와 아이들이 함께 즐길 수 있는 놀이 풀로 키즈 슬라이드와 유수 풀, 비치 풀로 구성되어 있다. 야외 스파존에는 숲을 바라보며 야외에서 즐기는 인피니티 풀 등 다양한 시설이 마련되어 있다.",충청북도 제천시 백운면 금봉로 365,33,http://tong.visitkorea.or.kr/cms/resource/29/2769529_image2_1.jpg,http://tong.visitkorea.or.kr/cms/resource/29/2769529_image2_1.jpg,128.0461582662,37.1588459307,0.0,2
62,127964,5,포항온천,"포항온천은 지하 620m에서 발굴한 약알칼리성 천연광천수의 식염유황온천을 사용하고 있는 것이 특징이며 피부미용 효과를 볼 수 있다. 이태리 트래비분수를 재현한 상징적인 건축물로서 인근에 위치한 환호 해맞이공원과 북부해수욕장, 죽천, 칠포바닷가와 연계되는 포항의 명소이다. 유황온천은 다량의 미네랄과 유기물을 함유하고 있어  신진대사 향상은 물론 여러가지 질병예방에 효능이 있으며 식염유황온천인 포항온천은 유황성분의 함량이 4.90㎎/ℓ에 달한다.<br>",경상북도 포항시 북구 법원로97번길 44,35,http://tong.visitkorea.or.kr/cms/resource/89/188089_image2_1.jpg,http://tong.visitkorea.or.kr/cms/resource/89/188089_image3_1.jpg,129.3807597561,36.0837410946,0.0,51008
63,2774534,5,필례GE온천,"1995년 처음 온천수를 발견해 2015년 오픈한 게르마늄 중탄산 온천이다. 연한 레몬 녹차 빛깔의 온천수는 톡 쏘는 탄산과 짭짤한 맛을 느낄 수 있다. 시설은 동네 목욕탕보다 작을 정도로 아담하지만, 게르마늄 중탄산 입소문이나 많은 사람들이 찾는다고 한다. 실내 온천과 한겨울 설악산을 바라보며 분위기를 즐길 수 있는 노천온천이 있다.",강원도 인제군 인제읍 필례약수길 72,32,http://tong.visitkorea.or.kr/cms/resource/59/2776959_image2_1.jpeg,http://tong.visitkorea.or.kr/cms/resource/59/2776959_image2_1.jpeg,128.3698182524,38.0765541332,0.0,0
64,613310,5,하피랜드,"'HAPY'는 'Happy Area in Paltan Yulam' 의 약자로 '화성시 팔탄면 율암리의 행복한 지역' 이라는 의미이다. 또한 'Hapy'는 'Hapy-Nile'의 뜻으로 이집트 나일강에 있는 물의 여신으로 ‘풍요’의 상징을 의미하기도 하는 하피랜드는 연면적 39.6696m² (12,000평) 규모의 스파 시설과 허브공원으로 구성되어 있다. 이곳 스파 시설은 이집트풍의 미용탕, 실내외 유스풀, 찜질방, 숯가마 등 웰빙 시설을 갖추고 있다.<br>",경기도 화성시 팔탄면 시청로 888,31,http://tong.visitkorea.or.kr/cms/resource/26/1759126_image2_1.JPG,http://tong.visitkorea.or.kr/cms/resource/26/1759126_image2_1.JPG,126.8885014518,37.1685599066,0.0,29378
65,126115,5,한화리조트 백암온천,"천연알칼리성 라듐성분을 함유한 국내 유일의 유황온천으로 1979년 12월 31일 관광특구로 지정되었다. 무색무취하며 사람 몸에 적당한 53도를 유지하고 있어 온천욕을 즐기기에 적당할 뿐만 아니라 신경통, 만성관절염, 중풍, 신경마비 등에 효험이 있다.  동해안의 대표적인 온천으로 손꼽히며 전국에서 온천객과 휴양객들이 줄지어 찾는 곳이다. 또한, 이 곳은 당구장, 탁구장, 온천학습관, 오락실 등 다양한 부대시설을 갖추고 있어 가족단위의 휴식공간으로 더할 나위 없다. 주위에는 동해해수욕장과 백암산의 절경이 있어 해수욕과 등산도 곁들일 수 있다.<br /><br />* 백암산<br /><br /> 온정면과 수비면에 걸쳐있는 백암산(1,004m)은 온정리의 백암온천을 기점으로 서쪽으로 둘러있다. 구술령 고갯길이 열려 영양과 봉화를 거쳐 내륙으로 이어지는 관문이 되기도 한다. 짙은 소나무 숲이 드리운 깊은 산세는 정상 북쪽계곡에도 선시골(일명 신선골) 등 용이 살았다는 늪을 비롯 수십 개의 담과 계곡물이 사방으로 이어지고 고모산성과 할매산성, 백암산성 등 유적지도 안고 있다.<br>",경상북도 울진군 온정면 온천로 129-13,35,http://tong.visitkorea.or.kr/cms/resource/92/1885392_image2_1.jpg,http://tong.visitkorea.or.kr/cms/resource/92/1885392_image3_1.jpg,129.3382030182,36.7230037599,0.0,76133
66,126108,5,해운대온천센터,"* 한국 유일의 임해 온천지, 해운대온천 *<br /><br />해운대 온천은 바닷가에 위치하여 해수욕과 온천욕을 즐길 수 있는 한국 유일의 임해 온천지이며 해운대 8경 중의 하나이다.해운대 온천센터는 해운대 해수욕장 부근 온천지구에 위치한 대형 온천 사우나이다. 수온40~62℃의 단순 식염천으로 여성의 피부미용과 피부질환에 효과가 있고, 음용시 이뇨 상의 효험은 물론 류머티즘, 혈액순환, 당뇨, 만성 호흡기 질환 등에 효험이 있다고 알려져 4계절 국내외 입욕객이 줄을 잇는다. 입욕시 비누거품이 잘 일지 않을 정도로 염도가 강하지만 온천욕을 마치고 나서 몸이 가볍고 피부가 매우 매끄러운 것이 특징이다.<br /><br />* 해운대온천의 유래와 역사 *<br /><br />해운대 온천이 발견된 연대는 정확히 알 수 없다. 하지만 신라시대 구남온천으로 불렸으며, 신라 진성여왕이 천연두를 앓아 병을 치료하기 위해 찾았던 곳이 바로 해운대라는 이야기가 전해지고 있다. 또한, 100여 년 전에는 청사포 갯마을 나환자들이 밤마다 모여 목욕을 하고 치료하였다고 한다.그만큼 해운대 온천은 오랜 역사적 배경과 구전(口傳)을 통해 그 효능이 입증되어온 내력 있는 온천이다. 왜구의 잦은 침범으로 오랫동안 폐쇄되었다가 그 뒤 일본인에 의해서 본격적으로 개발되어 근래에 이르고 있다.<br>",부산광역시 해운대구 중동2로 16,6,http://tong.visitkorea.or.kr/cms/resource/94/530594_image2_1.jpg,http://tong.visitkorea.or.kr/cms/resource/94/530594_image3_1.jpg,129.1645768542,35.1634406103,0.0,42657
67,127419,5,허심청,"* 동양 최대 규모의 온천시설, 허심청 *<br /><br />허심청은 종래의 위락 시설과는 달리 편안하고 즐거운 온천욕과 휴식 및 체력단련을 통한 건강증진을 추구하는 새로운 유형의 도시형 온천건강랜드로, 1991년 10월 부산시 도심 재개발 사업으로 탄생하였으며 허심청의 온천탕은 전체 4,297.54m²(1,300여평)으로 남,여 3,000명을 동시에 수용할 수 있는 동양 최대 규모의 온천시설이다. 대온천탕에는 장수탕, 회목탕, 청자탕, 동굴탕, 노천탕 등 40여종의 효능별 욕탕과 계절에 따라 천연재료와 한방약재를 이용한 다양한 이벤트탕을 운영하고 있다. 특히 개인별 체질과 연령에 따라 누구나 자유롭게 이용할 수 있는 다양한 입욕코스가 있다.<br /><br />* 동래온천의 개발과 발전 *<br /><br />본격적인 개발이 이뤄진 것은 1898년 일본자본이 들어오면서 온천수가 용출되는 곳에 여관을 짓고 이른바 온천장 형태의 온천관광촌의 모습을 드러냈고, 1915년에 전차가 들어오면서 더욱 급속도로 발전하게 됐다고 한다. 온천수는 알카리성 식염수로서 수온이 섭씨 55도 안팎이었으나, 지금은 물의 온도가 차츰 낮아지고 양도 줄고 있다고 한다.<br>",부산광역시 동래구 금강공원로20번길 23,6,http://tong.visitkorea.or.kr/cms/resource/05/1877705_image2_1.jpg,http://tong.visitkorea.or.kr/cms/resource/05/1877705_image3_1.jpg,129.0826823935,35.2211354084,0.0,134591
68,127132,5,호미곶 해수탕,"태양열을 에너지원으로 동해의 청정 해수를 50℃로 가열해서 사용하므로 인체 각 기능에 깊숙히 침투하여 관절염(팔, 다리, 무릎, 척추), 염증성 류마티스, 비만증, 긴장완화,  사고후유증, 피부질환에 탁월한 효능이 있다.<br>",경상북도 포항시 남구 호미곶면 호미곶길 163,35,http://tong.visitkorea.or.kr/cms/resource/80/204380_image2_1.jpg,http://tong.visitkorea.or.kr/cms/resource/80/204380_image3_1.jpg,129.564366017,36.0787285159,0.0,29088
69,127992,5,홍성온천,"문화, 지리적으로 풍부한 개발 잠재력이 있는 고장에 위치한 홍성온천은 지하 720m 지점에서 36℃의 온천수가 제1호 공에서 하루 480톤, 제2호 공에서 1,200톤, 제3호 공에서  498톤이 용출되어 총 2,178톤으로 유량이 풍부하다. 또한 홍성온천의 수질은 천연 알칼리성 중탄산나트륨 성분이 다량 함유되어 있어 혈압강하, 이뇨작용, 만성부인병, 스트레스로 인한 긴장완화, 근육경력완화, 위경련 등의 치료에 도움이 되며 윤기있고 부드러운 피부를 만들어 준다.<br>",충청남도 홍성군 홍성읍 내포로 42,34,http://tong.visitkorea.or.kr/cms/resource/11/1962111_image2_1.jpg,http://tong.visitkorea.or.kr/cms/resource/11/1962111_image3_1.jpg,126.663865002,36.5990327957,0.0,24125
70,250443,5,황금온천,"황금온천은 서울 강남의 한복판에서 온천욕을 즐길 수 있는 곳이다. 최고의 수질은 물론 찜질방과 한증막, 사우나, 영화관 등의 시설을 갖추었다. 순금으로 장식된 인테리어가 고급스러움을 더한다. 황금온천의 온천수는 게르마늄과 나트륨 성분이 다량으로 함유되어 있어 피부 미용과 피로 회복에 탁월한 효과를 보인다. 온천수와 더불어 황금온천에서 맛볼 수 있는 특별한 체험은 바로 황금 피라미드기 체험실. 내부 천장은 자수정, 벽면은 온통 금으로 덮여 있어 건강을 위한 최고의 공간을 제공한다. 순금이 발산하는 파장은 인체의 독소와 노폐물을 빠르고 효과적으로 배출해 주기 때문에 피부 미용에 좋고 기를 충전할 수 있어 허약 체질에 효과가 있다고 한다. 여성 전용 한증막은 우리 조상이 사용하던 전통 방식으로 지어져 특별함을 더한다. 소나무와 참나무가 타며 내뿜는 열기가 원뿔 모양의 한증막을 가득 채워 피로를 확실히 풀어준다.",서울특별시 서초구 사임당로 143,1,http://tong.visitkorea.or.kr/cms/resource/08/2024208_image2_1.jpg,http://tong.visitkorea.or.kr/cms/resource/08/2024208_image3_1.jpg,127.0252660955,37.4919081987,0.0,34416
71,2738054,5,휴온천,"팔공산 휴온천은 지하 1.5km 이상에서 분출되는 온천수를 사용한다.  온천수의 성분은 알칼리성 탄산수소 나트륨인데, 정수시설이나 소금을 사용하지 않고 천연 그대로 사용하고 있다는 것이 장점이다. 휴온천의 온천수 효능으로는 진정 작용, 혈액순환 증진, 신경통 완화, 불면증 완화 등이 있다. 주요 부대시설로는 피트니스센터, 골프 연습장, 식당, 커피숍 등이 있다.",경상북도 칠곡군 동명면 기성5길 11-10,35,http://tong.visitkorea.or.kr/cms/resource/52/2738552_image2_1.JPG,http://tong.visitkorea.or.kr/cms/resource/52/2738552_image2_1.JPG,128.5966339119,36.0009579475,0.0,0
72,2751603,5,힐사이드온천텔,"경기도에서 정식 온천으로 허가받은 자연 용출수 온천이다. 이곳에서 사용하는 율암 온천수는 알칼리 성분이 높아 피로 해소 등에 효과가 있다. 패밀리룸은 침대방과 온돌방인 방 2개와 거실로 구성되어 있다. 일반실은 일반 욕조를, 특실은 스파 욕조를 갖추고 있다. 각 실의 모든 욕조는 2~3인용이며 목욕베드가 기본으로 설치되어 있다. 월요일이 공휴일인 경우 일요일 숙박요금은 공휴일 요금이 적용된다.",경기도 화성시 팔탄면 온천로 428-12,31,http://tong.visitkorea.or.kr/cms/resource/96/2751796_image2_1.jpg,http://tong.visitkorea.or.kr/cms/resource/96/2751796_image2_1.jpg,126.8814442063,37.1523644341,0.0,0
73,129698,5,JFK 대천 워터파크,"대천 해수욕장 시민탑 광장에 위치한 JFK 호텔마스타 대천 워터파크 호텔은 4,200여 평 부지 위에 자리 잡은 비치형 워터파크 호텔로, 천혜의 자연환경을 자랑하는 아름다운 해변과 워터파크의 다이나믹한 즐거움이 함께하는 곳이다. 또한, 바다가 조망되는 호텔과 격조 높은 연회장 그리고 싱싱한 식자재를 바탕으로 한 식음시설 및 연중 열리는 크고 작은 이벤트까지 자연과 인간, 건강과 문화가 한데 어우러져 사계절 종합 휴양지로서의 조건을 갖추고 있다. 워터파크는 크게 실내스파와 실외 워터파크로 나누어지며 실내스파는 수압마사지를 받을 수 있는 바데풀과 키디풀, 유스풀, 패밀리스파, 찜질방, 그리고 뷰티 테라피 등이 있다. 실외 워터파크는 국내 처음으로 들어오는 스탠드업 플로우라이더를 중심으로 블랙홀, 스톰리버, 허리케인, 레이싱슬라이드, 스플래쉬타워 등 짜릿하고 스릴있는 어트랙션 위주로 구성되어 있다.<br>",충청남도 보령시 대해로 876,34,http://tong.visitkorea.or.kr/cms/resource/56/1338156_image2_1.jpg,http://tong.visitkorea.or.kr/cms/resource/56/1338156_image3_1.jpg,126.5175803044,36.3074221101,0.0,42907
74,2769761,5,RI온천(RI온천호텔),RI 온천은 충북 충주시 수안보면에 자리 잡고 있다. 이곳은 객실 내부에 가족탕을 전문으로 운영하는 온천이다. 이 덕분에 프라이빗하게 온천을 즐길 수 있다. RI 온천은 괴산IC 와 수안보시외버스터미널과 가까운 거리에 있다. 주변에는 조령산자연휴양림이 있어 연계 관광에 나서기 좋다.,충청북도 충주시 수안보면 물탕2길 9,33,http://tong.visitkorea.or.kr/cms/resource/66/2771066_image2_1.jpg,http://tong.visitkorea.or.kr/cms/resource/66/2771066_image2_1.jpg,127.9901111697,36.8465308184,0.0,0
75,2660941,5,국립김천치유의숲,"자작나무숲 속에서 산림 치유를 받고 싶다면 국립김천치유의숲을 방문하길 추천한다. 집콕생활로 인해 쌓인 피로를 해소하기에 그만인 이곳은 자작나무숲 뿐만 아니라 숲명상길, 데크 산책길, 전망대, 출렁다리 등을 만날 수 있고 가볍게 산책하고 싶어하는 등린이부터 높은 난이도를 즐기는 프로 등산러까지 모두 만족할 수 있는 산길이다.<br>",경상북도 김천시 증산면 수도길 1237-89,35,http://tong.visitkorea.or.kr/cms/resource/41/2675641_image2_1.JPG,http://tong.visitkorea.or.kr/cms/resource/41/2675641_image2_1.JPG,128.0022377784,35.8514140611,0.0,0
76,2554069,5,국립대관령치유의숲,"임령 90년이상 금강소나무가 원시림 상태로 보존된 국립대관령치유의숲은 대관령 옛길, 선자령, 제왕산, 오봉산 등 백두대간 등산로와 연계되어 있다.  향기, 경관 등 산림의 다양한 요소를 활용할 수 있도록 조성한 산림으로 대관령의 울창한 소나무숲에 건강측정실, 치유 움박, 솔향기 터, 치유 숲길 등 다양한 산림치유 활동을 위한 공간이 마련되어 있다. 특히,숲길 난이도 및 특색에 따라 구분된 7개의 숲길과 무장애 데크로드를 통해 누구나 쉽고 즐겁게 솔향기 숲을 경험할 수 있다.",강원도 강릉시 성산면 대관령옛길 127-42,32,http://tong.visitkorea.or.kr/cms/resource/71/2554071_image2_1.jpg,http://tong.visitkorea.or.kr/cms/resource/71/2554071_image2_1.jpg,128.7987935679,37.7077413074,0.0,1426
77,2555756,5,국립대운산치유의숲,"울산광역시 울주군에 위치한 국립대운산치유의숲은 대운산의 자연환경(경관, 향기 등)을 통해 인체의 면연력을 높이고 건강을 증진하기 위하여 조성한 산림복지시설이다. 청량한 계곡과 굴참나무, 편백나무가 어우러진 숲길을 활용하여 산림치유프로그램을 운영하고 있다.<br>",울산광역시 울주군 온양읍 대운상대길 225-92,7,http://tong.visitkorea.or.kr/cms/resource/94/2662694_image2_1.bmp,http://tong.visitkorea.or.kr/cms/resource/94/2662694_image2_1.bmp,129.2361865678,35.3901665277,0.0,1382
78,2554095,5,국립양평치유의숲,"국립양평치유의숲은 경기도 양평군 양동면 황거길 262-10 삼각산(538m) 남쪽자락에 위치하여, 수도권에서 한시간 이내의 뛰어난 접근성을 가지고 있으며, 온열치유실, 명상움막, 무인건강관리시스템 등의 다양한 치유시설 및 대상별 전문적인 치유프로그램을 제공합니다.<br>",경기도 양평군 양동면 황거길 262-10,31,http://tong.visitkorea.or.kr/cms/resource/96/2554096_image2_1.jpg,http://tong.visitkorea.or.kr/cms/resource/96/2554096_image2_1.jpg,127.7181068651,37.461185487,0.0,1406
79,2613450,5,깊은산속 옹달샘,"깊은산속 옹달샘은 고도원의 아침편지 문화재단에서 설립한 아침편지 명상치유센터이다. 깊은산속 옹달샘 명산치유센터는 고도원의 아침편지가 품었던 12개의 꿈 중 하나로, 이중 가장 크게 자라고 이루어진 꿈이라 할 수 있다. 이곳에서는 누구나 참여 가능한 다양한 명상 치유프로그램이 진행되고 있다.‘깊은산속 옹달샘’의 명상프로그램으로는 걷기 명상과 하루명상, 잠깐멈춤, 단식명상, 꿈꾸는 부부학교, 꿈너머꿈 청년학교, 화려한 싱글학교 등이 있다. 또한, 대한민국 청춘들을 위한 ‘빛나는 청춘 힐링캠프’와 60대 이상의 장년층을 위한 ‘금빛 청년 힐링캠프’를 진행하고 있다. 홈페이지를 통해 프로그램 신청이 가능하다. 깊은산속 옹살샘의 ‘살아 숨 쉬는 집’인 꿈꾸는 다락방, 네잎클로버집, 꿈사다리집 등에서 숙박과 건강식을 하며 자유롭게 옹달샘을 둘러볼 수도 있다.<br>",충청북도 충주시 노은면 우성1길 201-61,33,http://tong.visitkorea.or.kr/cms/resource/52/2392752_image2_1.jpg,http://tong.visitkorea.or.kr/cms/resource/52/2392752_image2_1.jpg,127.751324732,37.0256058405,0.0,0
80,523984,5,꽃마을 경주한방병원,"꽃마을경주한방병원은 현대인의 화두라 할 수 있는 건강과 관광을 접목시킨 헬스투어 목적지로서, 1,030평의 넓은 부지에 건강관리와 관련된 다양한 의료기기 시설이 구비되어 있으며 전통한옥으로 구성된 병원 환경 및 시설이 경주라는 관광도시와 잘 어우러져 있다.<br> 
 <br>꽃마을경주한방병원은 널리 알려진 것처럼, 정부가 추진하고 있는 <Health Tour to Korea> 
 정책의 견인차 역할을 해오고 있는데,  『대한민국 제1호 지정 병원』으로 선정된 점만 보더라도 모든 직원들이 열과 성의를 다해 프로그램을 수행해 나가는데 노력하고 있다.<br>
 <br>* 한방내과 
 한방의학의 진단과 치료를 하기 위한 가장 기본적인 과목
<br>
 * 한방부인과
 여성의 생리적 특징과 관련하여 불임클리닉, 여성병 클리닉, 사춘기, 미혼여성 클리닉, 산전 클리닉, 산후보양 클리닉, 갱년기 클리닉으로 세분화하여 전통적 진단방법과 함께 현대
 의학적인 진단방법을 접목시켜 보다 더 객관적으로 정확하게 파악하여 치료에 임하고 있다.
 <br>* 침구과
 한의학의 진수라고 볼 수 있는 침구(鍼灸)&middot;부항을 이용한 모든 치료가 가능한 곳 <br>
 * 꽃마을의원
 방사선(X-ray)검사, 위장조영술검사, 적외선체열검사, 골다공증검사, 임상병리검사,초음파
 검사 장비 등이 준비되어 있다. 또한 각종 성인병을 관리하는 프로그램과 비만환자에 대한
 혈관레이저치료 등도 주목할 만하다.",경북 경주시 탑동,35,http://tong.visitkorea.or.kr/cms/resource/56/179456_image2_1.jpg,http://tong.visitkorea.or.kr/cms/resource/56/179456_image3_1.jpg,129.2111043317,35.8235978273,0.0,248
81,2822328,5,대구약령시 한방의료체험타운,"대구약령시 한방의료체험타운은 우리나라 한방을 대표하는 대구약령시의 활성화와 한의학의 우수성을 널리 알리고자 설립되었습니다.<br>다양하고 특성화된 체험 프로그램을 통해 유아부터 성인까지 한의학을 손쉽게 접할 수 있는 기회를 제공하여 한방대중화에 기여하고 시민 건강증진, 지역경제 발전을 이끌 수 있는 공간으로 자리매김하겠습니다.",대구광역시 중구 중앙대로77길 45,4,http://tong.visitkorea.or.kr/cms/resource/65/2822265_image2_1.jpg,http://tong.visitkorea.or.kr/cms/resource/65/2822265_image3_1.jpg,128.5909992253,35.868258989,0.0,0
82,2794931,5,더벨스파 동대문현대시티아울렛점,"현대시티아울렛 동대문에 있는 이곳은 많은 사람에게 저렴한 가격으로 스파를 제공하고자 탄생했다. 여느 스파와 비교해도 손색없는 특급 스파다. 쇼핑 등으로 지친 몸에 활기를 불어넣고 싶다면 방문해보자. 대표 프로그램은 ‘유스트 아로마+발 관리’다. 편백은 일본에서 최고급 내장재로 인정받는다. 이 편백으로 만든 족욕탕에 입욕제를 푼다. 거품이 올라오는 족욕기에 발을 담그면 따뜻한 기운이 온몸으로 퍼져나간다. 족욕을 하는 동안 복부에는 온열 팩을 얹고, 유스트 오일을 이용한 마사지가 시작된다. 두피, 목, 어깨를 어루만지며 피로를 완화해준다. 일본식 전통 지압 마사지인 ‘시아추’도 인기다. 시아추 마사지는 몸 안팎에서 음양의 기가 조화를 이루도록 돕는다. 단순히 뭉친 근육을 풀어주는 것이 아니다. 테라피스트는 14개 경락을 다양한 방식으로 마사지한다. 손가락은 물론 팔꿈치, 무릎, 발 등을 두루 사용한다.",서울특별시 중구 장충단로13길 20,1,http://tong.visitkorea.or.kr/cms/resource/06/2796106_image2_1.jpg,http://tong.visitkorea.or.kr/cms/resource/06/2796106_image2_1.jpg,127.0076821872,37.5687878415,0.0,0
83,2364045,5,동해무릉건강숲,"무릉계곡 입구에 자리한 환경성질환 예방 관리 센터로 동해시가 직접 운영하는 곳이다. 환경성질환은 아토피, 천식, 알레르기 비염 등 환경적 요인으로 생기는 질병을 말한다. 약 24,000㎡ 부지에 친환경 힐링숙박동을 비롯해 테마체험실, 건강상담실, 온열테라피실, 건강자연식당 등이 모여 있다. 황토와 편백나무 등의 친환경 자재로 지은 숙박동은 건강한 잠자리를 제공한다.<br />테마체험실은 돌과 흙, 소금 등 자연의 재료를 활용한 찜질방이다. 원적외선과 천연 음이온을 방출하는 화이트견운모찜질방, 체내 독소 제거에 효과적인 황토찜질방, 나노 소금입자가 호흡기를 세척해주는 소금동굴 등의 체험실이 환경성질환 개선에 도움을 준다. 온열테라피실에서는 캡슐 형태 침대에 누워 열기로 몸의 혈액 순환을 증진시킨다. 상주 간호사가 기초 검사를 토대로 무료 건강상담도 해준다. 숙박하지 않고도 자연물을 이용한 만들기 체험, 테마체험실·건강상담·건강자연식 체험 등에 참여할 수 있다. 여름철에 운영하는 오선녀탕은 무릉계곡 물을 이용해 만든 자연 친화적 물놀이장이다.<br>",강원도 동해시 삼화로 455,32,http://tong.visitkorea.or.kr/cms/resource/55/2731355_image2_1.jpg,http://tong.visitkorea.or.kr/cms/resource/55/2731355_image3_1.jpg,129.0312662354,37.465112721,0.0,7947
84,2794933,5,롯데호텔서울 설화수 스파,설화수 스파는 마음의 안정을 돕고자 조선 시대 왕실에서 행한 전통의식을 스파에 접목했다. 5가지 한방재료로 만든 ‘자음단’으로 지친 피부를 효과적으로 다스린다. 홍삼의 기운이 담긴 미온수가 발의 피로를 풀어주는 ‘홍삼수 족욕’과 인삼 성분으로 발을 문질러 씻어주는 ‘인삼 스크러브’도 함께 진행한다. 프로그램이 끝나면 제공하는 차도 최적의 컨디션을 유지하는 데 도움을 준다. 대표 스파 프로그램은 ‘설화본생’이다. 따뜻하게 쪄낸 자음단으로 어깨 부위 피부를 관리한 후 ‘자음생 크림’으로 피부에 활력을 되찾아 준다. ‘진설’ 프로그램도 인기다. 몸의 피부를 정성껏 관리하는 트리트먼트로 피부 순환을 돕고 피부 에너지를 활성화한다.,"서울시 중구 을지로 30 롯데호텔 3, 4층",1,http://tong.visitkorea.or.kr/cms/resource/43/2796243_image2_1.jpg,http://tong.visitkorea.or.kr/cms/resource/43/2796243_image2_1.jpg,126.9816346542,37.565479425,0.0,0
85,2783123,5,민주지산 치유의 숲,"충북 영동의 가장 높은 민주지산에 마련된 치유센터는 국민 건강 증진을 위해 산림청에서 지정한 산림 활용형 시설이다. 민주지산 치유센터는 4개의 지구로 구분하여 다양하게 활용된다. 이 중에서도 ‘체험 치유 지구’에서는 원적외선 반신욕을 비롯해 기계를 활용한 자율신경 검사와 스트레스 검사, 명상 테라피 등의 활동이 준비되어 있다. 족욕이나 천연 염색, 나무 액자 만들기 등 다양한 체험도 가능하다. 치유의 숲에는 총 18개 코스가 짜여 있어 선택적으로 트래킹을 즐겨볼 수 있다. 숲속의 향기를 들이마시며 초록빛깔 산림 속에서 나무 열매도 따 먹어보고, 맨발로 자연을 느끼며 걷다 해먹위에 누워 편하게 쉴 수 있다.",충청북도 영동군 용화면 휴양림길 60,33,http://tong.visitkorea.or.kr/cms/resource/59/2793759_image2_1.jpg,http://tong.visitkorea.or.kr/cms/resource/59/2793759_image2_1.jpg,127.824345283,36.053204603,0.0,0
86,2660770,5,부산 치유의 숲,"영남권 최초로 부산 기장군 철마면에 '치유의 숲'이 조성되었으며, 음이온과 피톤치드가 풍부한 자연환경에서 다양한 치유프로그램을 통해 정서 함양과 휴식을 취할 수 있는 곳이다. 부산 치유의 숲은 153ha 규모로 입구 방문자 센터에서 시작되는 중앙 산책로를 왕복하는 시간은 40분정도 소요된다. 다양한 대상에 맞춤한 프로그램을 운영하며, 중앙 산책로를 따라 조성된 숲속 도서관, 마음 나눔터, 숲속 치유마당, 숲속 명상터 소나무풍욕장, 태교숲터에서 이루어진다.",부산광역시 기장군 철마면 철마천로 101,6,http://tong.visitkorea.or.kr/cms/resource/30/2661730_image2_1.jpg,http://tong.visitkorea.or.kr/cms/resource/30/2661730_image2_1.jpg,129.1298103057,35.2690086937,0.0,0
87,2776830,5,삼척활기치유의숲,"인체의 면역력을 높이고 건강 증진을 목적으로 산림의 다양한 환경요소를 활용할 수 있도록 조성한 산림이다. 다양한 산림의 환경요소를 활용하여 산림치유지도사가 산림치유프로그램을 실행하고 그 효과를 평가할 수 있는 시설을 포함하고 있다.  자연휴양림과 더불어 산림휴양 치유마을, 유아숲 체험원, 공동체 치유정원이 함께 있는 복합 치유시설이다. 직경 70cm 이상의 고목이 1,000여 그루에 달하는 금강송 군락이 어우러진 숲에서 인체 면역력을 강화하는 다양한 산림치유 활동 공간 및 프로그램을 운영한다.",강원도 삼척시 미로면 준경길 651-230,32,http://tong.visitkorea.or.kr/cms/resource/45/2799845_image2_1.jpg,http://tong.visitkorea.or.kr/cms/resource/45/2799845_image2_1.jpg,129.0540194182,37.3852612483,0.0,0
88,2646372,5,스파 도향,"* 강남 최대 규모의 토탈 Beauty & Spa<br /><br />스파 도향( 道鄕 ) : 길 도 , 시골 향 Since 2007, 뉴트로 시대의 빠른 변화 속 옛 것의 감성을 찾듯, 기존 스파의 차별화가 아닌 한국 스파의 자존심인 전통 스파를 고집한다. 나만의 케렌시아 공간이 제공 될 수 있도록 최선을 다해 노력하며 고객의 시간과 감성의 가치를 높여 주는 최고의 서비스를 제공하고 스파의 가장 기본적인 덕목인 오감 만족을 지향한다.",서울특별시 강남구 논현로 611,1,http://tong.visitkorea.or.kr/cms/resource/67/2646367_image2_1.bmp,http://tong.visitkorea.or.kr/cms/resource/67/2646367_image2_1.bmp,127.0331260275,37.5082981035,0.0,0
89,2028987,5,오두산 치유숲,"오두산 치유숲은 자연의 특색을 그대로 보존하며 다양한 예술 작품이 어우러져 그 하나하나 마음을 열게 하는 다정다감 속삭임이 있다.1차 개방 코스인 치유숲 입구에서부터 자화상, 사랑의 거미줄, 명상 그림, 소망탑, 비상폭포까지 돌과 흙, 나무 어느 하나도 허투루 다루지 않은 사랑과 정성 그리고 그 속에 담긴 스토리텔링을 직접 느낄 수 있어 일상에 지쳐 새로움이 필요한 누군가에게 진정 치유에 대한 깊은 인상을 줄 수 있는 곳이다.",경상남도 고성군 상리면 신촌리,36,http://tong.visitkorea.or.kr/cms/resource/67/2028967_image2_1.JPG,http://tong.visitkorea.or.kr/cms/resource/67/2028967_image2_1.JPG,128.1820997668,35.0178835345,0.0,3653
90,127394,5,장성 축령산 편백숲 (장성 치유의 숲),"전남 장성군과 전북 고창군과 경계를 이루는 명산이며 독립가였던 춘원 임종국은 1956∼1989년까지 34년간 심혈을 기울여 축령산 일대에 삼나무 62㏊, 편백 143㏊,낙엽송·기타 55㏊를 조림하여 벌거벗었던 산록을 늘 푸르게 한 전국 최대  조림성공지이다. 현재는 수고 20여m, 경급 40여㎝의 임목이 빽빽히 들어서 있어 국민의  보건휴양 및 정서 함양을 위한 야외휴양공간을 제공함과 동시에 쾌적하고 편리한 자연교육장으로 역할을 다하고 있다.  특히 침엽수림에서 방출되는 피톤치드는 심신이 맑아져 안정을 가져오며, 인체의 심폐기능 강화로 기관지천식, 폐결핵 치료에 많은 도움을 주고 있다.<br>",전라남도 장성군 서삼면 추암로 716,38,http://tong.visitkorea.or.kr/cms/resource/38/2617838_image2_1.jpg,http://tong.visitkorea.or.kr/cms/resource/38/2617838_image3_1.jpg,126.7314629993,35.3688466251,0.0,53865
91,2638518,5,창원 편백 치유의 숲,"경상남도 창원시 진해구 장복산 아래 58ha에 자리 잡은 창원 편백 치유의 숲은 30~40년생의 쭉쭉 뻗은 우수한 편백나무 및 녹차 등 다양한 하층식생이 서식하는 아름다운 곳으로 인체의 면역력 향상과 건강증진을 위하여 치유숲길, 향기, 경관 등 산림의 다양한 요소를 활용하여 산림치유 프로그램을 체험할 수 있도록 조성한 숲이다. 주요 시설로는 치유센터, 건강측정실, 발물치유실(족욕), 명상장, 체조장, 치유숲길 등이 있다. 봄철에는 치유의 숲으로 이어지는 벗꽃터널 도로가 있어 찾는 이의 감탄을 불러 일으킨다.",경상남도 창원시 진해구 장복산길 47,36,http://tong.visitkorea.or.kr/cms/resource/78/2639278_image2_1.jpg,http://tong.visitkorea.or.kr/cms/resource/78/2639278_image2_1.jpg,128.6587456835,35.1721886774,0.0,0
92,2371215,5,티테라피체험장,"2004년 유기농한약재로 시작한 기업을 모태로 한약재의 방대한 지식과 경험을 바탕으로 2013년 문화체육관광부 공모사업에서 선정된 지원사업으로 조성된 체험장이다. 유효성분이 높은 제천의 한약재를 기본으로 누구나 쉽게 접할 수 있는, 오감을 동원하여 체험하는 테라피프로그램을 운영하고 있다.<br>",충청북도 제천시 왕암동 992-1,33,http://tong.visitkorea.or.kr/cms/resource/65/2371965_image2_1.jpg,http://tong.visitkorea.or.kr/cms/resource/65/2371965_image2_1.jpg,128.167469918,37.1473411831,0.0,2748
93,2711048,5,평지요가센터,"강원도 동해시 쇄운동에 자리한 요가 학원으로 척추 교정으로 이름이 높다. 평지요가센터는 SNPE(요가와 필라테스, 피트니스를 결합한 바른 자세 운동) 기법을 통한 척추·골반 교정, 명상을 통한 마음의 안정으로 몸과 마음을 치유하는 요가를 목표로 한다. 물리치료사로 일한 경력이 있는 요가 강사가 해부학을 기반으로 체계적인 요가를 알려준다. 약 230㎡의 센터 내부는 리셉션, 상담실, 탈의실, 강의실, 미니 바 등 각 공간을 짜임새 있게 구성했다. 상담실 한쪽에는 몸 상태와 체형을 측정할 수 있는 다양한 기기를 구비했다. 정확한 몸 상태를 알아야 올바른 상담과 효과적인 운동이 이루어지기에 평지요가센터는 처음의 진단 과정을 중요시한다. 요가 수업이 열리는 강의실은 채도가 낮은 베이지색 벽에 원목 마루가 어우러져 차분한 분위기를 자아낸다. 강의실 한편은 나무 덱이 깔린 야외 공간으로 이어져 자연과 더불어 요가를 할 수 있다.<br>",강원도 동해시 청운2길 30-1,32,http://tong.visitkorea.or.kr/cms/resource/57/2741957_image2_1.jpg,http://tong.visitkorea.or.kr/cms/resource/57/2741957_image3_1.jpg,129.1063811348,37.4843786331,0.0,0
94,127886,5,한방테마파크 초락당,"초락당(艸樂堂)은 한방의료를 바탕으로 하여 실시되는 한방헬스투어 전문의료기관으로서 2001년도 보건복지부 산하 한국보건산업진흥원 평가 『Health Tour to Korea』로 지정된 바 있다. 의.식.주, 의료, 휴식을 한자리에서 체험 할 수 있는 곳이며 휴양과 치료를 병행하는 곳이다. 옛날 우리의 시골집과 같은 소박함과 자연친화적이고 전원적인 분위기는 환자의 치료율 향상에 도움을 주며 정서적인 면도 배려한 진정한 휴식공간이다.

* 진료과목 *
부인과, 신경정신과, 이비인후과, 사상체질과, 내과, 침구과, 소아과",울산광역시 울주군 두동면 계명로 44-34,7,http://tong.visitkorea.or.kr/cms/resource/44/662344_image2_1.jpg,http://tong.visitkorea.or.kr/cms/resource/44/662344_image3_1.jpg,129.1996780011,35.7099187672,0.0,36653
95,2614315,5,AHC스파,"한국의 K뷰티를 알리고 있는 AHC 코스메틱으로만 케어해 드리고 있는 AHC스파입니다. AHC가 특별한 원료나 공법에만 의존하지 않고, 치열하게 고민하고 연구하여 마침내 찾아낸 AHC만의 특별한 피부해법은 바로 에스테밸런스 입니다. 앞선 피부과학과 최적의 성분배합기술 그리고 고객의 피부에 꼭 맞는 미용법을 추구하는 AHC의 뷰티 키워드 에스테밸런스. 사람마다 다른 다양한 피부의 문제를 근본적으로 개선해주고, 피부 본래의 건강한 변화를 끌어내는 내안에 있는 최고의 아름다움을 발견하는 특별한 경험 입니다. 뷰티 한류의 대표적인 리딩 기업 AHC의 스파는 도산사거리에 위치하여 관광객의 핫 스폿인 압구정동과 가로수길을 관광하면서 경험해보고 싶었던 AHC만의 노하우를 경험하고 1층에서는 제품구매가 가능하며 2층의 헤어샵 서비스도 이용가능한 뷰티 핫 플레이스 입니다.<br>",서울특별시 강남구 도산대로 237,1,http://tong.visitkorea.or.kr/cms/resource/05/2614305_image2_1.bmp,http://tong.visitkorea.or.kr/cms/resource/05/2614305_image2_1.bmp,127.0330284328,37.5217715371,0.0,0
